[{"model": "admin.logentry", "pk": 1, "fields": {"action_time": "2023-07-31T14:26:58.713Z", "user": 3, "content_type": 13, "object_id": "1", "object_repr": "Grand Hyat Hotel", "action_flag": 1, "change_message": "[{\"added\": {}}, {\"added\": {\"name\": \"hotel gallery\", \"object\": \"Grand Hyat Hotel\"}}, {\"added\": {\"name\": \"hotel gallery\", \"object\": \"Grand Hyat Hotel\"}}, {\"added\": {\"name\": \"hotel gallery\", \"object\": \"Grand Hyat Hotel\"}}, {\"added\": {\"name\": \"hotel features\", \"object\": \"Grand Hyat Hotel\"}}, {\"added\": {\"name\": \"hotel features\", \"object\": \"Grand Hyat Hotel\"}}, {\"added\": {\"name\": \"hotel features\", \"object\": \"Grand Hyat Hotel\"}}]"}}, {"model": "admin.logentry", "pk": 2, "fields": {"action_time": "2023-07-31T14:30:36.719Z", "user": 3, "content_type": 13, "object_id": "1", "object_repr": "Grand Hyat Hotel", "action_flag": 2, "change_message": "[{\"changed\": {\"fields\": [\"Description\"]}}]"}}, {"model": "admin.logentry", "pk": 3, "fields": {"action_time": "2023-07-31T14:34:11.794Z", "user": 3, "content_type": 13, "object_id": "1", "object_repr": "Grand Hyat Hotel", "action_flag": 2, "change_message": "[{\"changed\": {\"fields\": [\"Description\", \"Image\"]}}]"}}, {"model": "admin.logentry", "pk": 4, "fields": {"action_time": "2023-07-31T14:34:21.454Z", "user": 3, "content_type": 13, "object_id": "1", "object_repr": "Grand Hyat Hotel", "action_flag": 2, "change_message": "[{\"changed\": {\"fields\": [\"Description\", \"Image\"]}}]"}}, {"model": "admin.logentry", "pk": 5, "fields": {"action_time": "2023-07-31T14:36:31.478Z", "user": 3, "content_type": 13, "object_id": "2", "object_repr": "ABAR HOTEL APARTMENTS", "action_flag": 1, "change_message": "[{\"added\": {}}, {\"added\": {\"name\": \"hotel gallery\", \"object\": \"ABAR HOTEL APARTMENTS\"}}, {\"added\": {\"name\": \"hotel gallery\", \"object\": \"ABAR HOTEL APARTMENTS\"}}, {\"added\": {\"name\": \"hotel gallery\", \"object\": \"ABAR HOTEL APARTMENTS\"}}, {\"added\": {\"name\": \"hotel features\", \"object\": \"ABAR HOTEL APARTMENTS\"}}, {\"added\": {\"name\": \"hotel features\", \"object\": \"ABAR HOTEL APARTMENTS\"}}, {\"added\": {\"name\": \"hotel features\", \"object\": \"ABAR HOTEL APARTMENTS\"}}]"}}, {"model": "admin.logentry", "pk": 6, "fields": {"action_time": "2023-07-31T14:50:25.615Z", "user": 3, "content_type": 13, "object_id": "2", "object_repr": "ABAR HOTEL APARTMENTS", "action_flag": 2, "change_message": "[{\"changed\": {\"fields\": [\"Description\", \"Featured\"]}}]"}}, {"model": "admin.logentry", "pk": 7, "fields": {"action_time": "2023-07-31T14:51:46.826Z", "user": 3, "content_type": 13, "object_id": "2", "object_repr": "ABAR HOTEL APARTMENTS", "action_flag": 2, "change_message": "[{\"changed\": {\"fields\": [\"Status\"]}}]"}}, {"model": "admin.logentry", "pk": 8, "fields": {"action_time": "2023-07-31T14:51:46.865Z", "user": 3, "content_type": 13, "object_id": "1", "object_repr": "Grand Hyat Hotel", "action_flag": 2, "change_message": "[{\"changed\": {\"fields\": [\"Status\"]}}]"}}, {"model": "admin.logentry", "pk": 9, "fields": {"action_time": "2023-07-31T15:27:32.325Z", "user": 3, "content_type": 13, "object_id": "1", "object_repr": "Grand Hyat Hotel", "action_flag": 2, "change_message": "[{\"changed\": {\"fields\": [\"Description\"]}}, {\"added\": {\"name\": \"hotel fa qs\", \"object\": \"Grand Hyat Hotel\"}}]"}}, {"model": "admin.logentry", "pk": 10, "fields": {"action_time": "2023-07-31T18:52:41.729Z", "user": 3, "content_type": 16, "object_id": "1", "object_repr": "Grand Hyat Hotel - Room 1", "action_flag": 1, "change_message": "[{\"added\": {}}]"}}, {"model": "admin.logentry", "pk": 11, "fields": {"action_time": "2023-07-31T18:53:08.765Z", "user": 3, "content_type": 16, "object_id": "2", "object_repr": "Grand Hyat Hotel - Room 2", "action_flag": 1, "change_message": "[{\"added\": {}}]"}}, {"model": "admin.logentry", "pk": 12, "fields": {"action_time": "2023-07-31T18:53:23.582Z", "user": 3, "content_type": 16, "object_id": "3", "object_repr": "Grand Hyat Hotel - Room 3", "action_flag": 1, "change_message": "[{\"added\": {}}]"}}, {"model": "admin.logentry", "pk": 13, "fields": {"action_time": "2023-07-31T18:55:47.513Z", "user": 3, "content_type": 13, "object_id": "1", "object_repr": "Grand Hyat Hotel", "action_flag": 2, "change_message": "[{\"changed\": {\"fields\": [\"Description\"]}}, {\"added\": {\"name\": \"room\", \"object\": \"Grand Hyat Hotel - Room 1\"}}, {\"added\": {\"name\": \"room\", \"object\": \"Grand Hyat Hotel - Room 2\"}}, {\"added\": {\"name\": \"room\", \"object\": \"Grand Hyat Hotel - Room 3\"}}, {\"changed\": {\"name\": \"room\", \"object\": \"Grand Hyat Hotel - Room 1\", \"fields\": [\"Number of beds\"]}}, {\"changed\": {\"name\": \"room\", \"object\": \"Grand Hyat Hotel - Room 2\", \"fields\": [\"Number of beds\"]}}, {\"changed\": {\"name\": \"room\", \"object\": \"Grand Hyat Hotel - Room 3\", \"fields\": [\"Number of beds\"]}}]"}}, {"model": "admin.logentry", "pk": 14, "fields": {"action_time": "2023-07-31T19:07:04.914Z", "user": 3, "content_type": 13, "object_id": "1", "object_repr": "Grand Hyat Hotel", "action_flag": 2, "change_message": "[{\"changed\": {\"fields\": [\"Description\"]}}, {\"added\": {\"name\": \"room type\", \"object\": \"Grand Hyat Hotel - Room Type: King\"}}, {\"added\": {\"name\": \"room type\", \"object\": \"Grand Hyat Hotel - Room Type: Luxury\"}}, {\"added\": {\"name\": \"room type\", \"object\": \"Grand Hyat Hotel - Room Type: Economy\"}}, {\"added\": {\"name\": \"room type\", \"object\": \"Grand Hyat Hotel - Room Type: Normal\"}}]"}}, {"model": "admin.logentry", "pk": 15, "fields": {"action_time": "2023-07-31T19:11:35.107Z", "user": 3, "content_type": 13, "object_id": "1", "object_repr": "Grand Hyat Hotel", "action_flag": 2, "change_message": "[{\"changed\": {\"fields\": [\"Description\"]}}, {\"added\": {\"name\": \"room\", \"object\": \"Grand Hyat Hotel - Room 1\"}}, {\"added\": {\"name\": \"room\", \"object\": \"Grand Hyat Hotel - Room 2\"}}, {\"added\": {\"name\": \"room\", \"object\": \"Grand Hyat Hotel - Room 3\"}}, {\"added\": {\"name\": \"room\", \"object\": \"Grand Hyat Hotel - Room 1\"}}, {\"added\": {\"name\": \"room\", \"object\": \"Grand Hyat Hotel - Room 2\"}}]"}}, {"model": "admin.logentry", "pk": 16, "fields": {"action_time": "2023-07-31T19:16:10.437Z", "user": 3, "content_type": 13, "object_id": "1", "object_repr": "Grand Hyat Hotel", "action_flag": 2, "change_message": "[{\"changed\": {\"fields\": [\"Description\"]}}, {\"changed\": {\"name\": \"room type\", \"object\": \"King\", \"fields\": [\"Number of beds\"]}}, {\"changed\": {\"name\": \"room type\", \"object\": \"Luxury\", \"fields\": [\"Number of beds\"]}}]"}}, {"model": "admin.logentry", "pk": 17, "fields": {"action_time": "2023-07-31T19:16:32.714Z", "user": 3, "content_type": 13, "object_id": "1", "object_repr": "Grand Hyat Hotel", "action_flag": 2, "change_message": "[{\"changed\": {\"fields\": [\"Description\"]}}, {\"changed\": {\"name\": \"room type\", \"object\": \"King\", \"fields\": [\"Number of beds\"]}}, {\"changed\": {\"name\": \"room type\", \"object\": \"Economy\", \"fields\": [\"Number of beds\"]}}]"}}, {"model": "admin.logentry", "pk": 18, "fields": {"action_time": "2023-07-31T19:17:18.941Z", "user": 3, "content_type": 13, "object_id": "1", "object_repr": "Grand Hyat Hotel", "action_flag": 2, "change_message": "[{\"changed\": {\"fields\": [\"Description\"]}}, {\"added\": {\"name\": \"room\", \"object\": \"Grand Hyat Hotel - Room 1\"}}, {\"added\": {\"name\": \"room\", \"object\": \"Grand Hyat Hotel - Room 2\"}}, {\"added\": {\"name\": \"room\", \"object\": \"Grand Hyat Hotel - Room 3\"}}]"}}, {"model": "admin.logentry", "pk": 19, "fields": {"action_time": "2023-07-31T19:17:54.165Z", "user": 3, "content_type": 13, "object_id": "1", "object_repr": "Grand Hyat Hotel", "action_flag": 2, "change_message": "[{\"changed\": {\"fields\": [\"Description\"]}}, {\"added\": {\"name\": \"hotel fa qs\", \"object\": \"Grand Hyat Hotel\"}}]"}}, {"model": "admin.logentry", "pk": 20, "fields": {"action_time": "2023-09-05T16:58:45.308Z", "user": 3, "content_type": 13, "object_id": "1", "object_repr": "Grand Hyat Hotel", "action_flag": 2, "change_message": "[{\"changed\": {\"name\": \"room type\", \"object\": \"King\", \"fields\": [\"Slug\"]}}, {\"changed\": {\"name\": \"room type\", \"object\": \"Luxury\", \"fields\": [\"Slug\"]}}, {\"changed\": {\"name\": \"room type\", \"object\": \"Economy\", \"fields\": [\"Slug\"]}}, {\"changed\": {\"name\": \"room type\", \"object\": \"Normal\", \"fields\": [\"Slug\"]}}]"}}, {"model": "admin.logentry", "pk": 21, "fields": {"action_time": "2023-09-05T19:42:55.439Z", "user": 3, "content_type": 13, "object_id": "1", "object_repr": "Grand Hyat Hotel", "action_flag": 2, "change_message": "[{\"changed\": {\"name\": \"room type\", \"object\": \"King\", \"fields\": [\"Room capacity\"]}}, {\"changed\": {\"name\": \"room type\", \"object\": \"Luxury\", \"fields\": [\"Room capacity\"]}}, {\"changed\": {\"name\": \"room type\", \"object\": \"Economy\", \"fields\": [\"Room capacity\"]}}, {\"changed\": {\"name\": \"room type\", \"object\": \"Normal\", \"fields\": [\"Room capacity\"]}}]"}}, {"model": "admin.logentry", "pk": 22, "fields": {"action_time": "2023-09-05T19:43:45.005Z", "user": 3, "content_type": 16, "object_id": "7", "object_repr": "Grand Hyat Hotel - Room 2", "action_flag": 2, "change_message": "[{\"changed\": {\"fields\": [\"Is available\"]}}]"}}, {"model": "admin.logentry", "pk": 23, "fields": {"action_time": "2023-09-05T21:17:35.657Z", "user": 3, "content_type": 16, "object_id": "7", "object_repr": "Grand Hyat Hotel - Room 2", "action_flag": 2, "change_message": "[{\"changed\": {\"fields\": [\"Is available\"]}}]"}}, {"model": "admin.logentry", "pk": 24, "fields": {"action_time": "2023-09-05T21:18:19.908Z", "user": 3, "content_type": 13, "object_id": "1", "object_repr": "Grand Hyat Hotel", "action_flag": 2, "change_message": "[{\"added\": {\"name\": \"room\", \"object\": \"Grand Hyat Hotel - Room 4\"}}, {\"added\": {\"name\": \"room\", \"object\": \"Grand Hyat Hotel - Room 5\"}}, {\"added\": {\"name\": \"room\", \"object\": \"Grand Hyat Hotel - Room 6\"}}]"}}, {"model": "admin.logentry", "pk": 25, "fields": {"action_time": "2023-09-06T12:02:29.374Z", "user": 3, "content_type": 15, "object_id": "13", "object_repr": "vsromoahra", "action_flag": 3, "change_message": ""}}, {"model": "admin.logentry", "pk": 26, "fields": {"action_time": "2023-09-06T12:02:29.396Z", "user": 3, "content_type": 15, "object_id": "12", "object_repr": "qitelqxyzy", "action_flag": 3, "change_message": ""}}, {"model": "admin.logentry", "pk": 27, "fields": {"action_time": "2023-09-06T12:02:29.416Z", "user": 3, "content_type": 15, "object_id": "11", "object_repr": "mzfpkahlod", "action_flag": 3, "change_message": ""}}, {"model": "admin.logentry", "pk": 28, "fields": {"action_time": "2023-09-06T12:02:29.433Z", "user": 3, "content_type": 15, "object_id": "10", "object_repr": "bvkfbrxbrc", "action_flag": 3, "change_message": ""}}, {"model": "admin.logentry", "pk": 29, "fields": {"action_time": "2023-09-06T12:02:29.454Z", "user": 3, "content_type": 15, "object_id": "9", "object_repr": "ciamgsxbtr", "action_flag": 3, "change_message": ""}}, {"model": "admin.logentry", "pk": 30, "fields": {"action_time": "2023-09-06T12:02:29.473Z", "user": 3, "content_type": 15, "object_id": "8", "object_repr": "oyfatihdxc", "action_flag": 3, "change_message": ""}}, {"model": "admin.logentry", "pk": 31, "fields": {"action_time": "2023-09-06T12:02:29.496Z", "user": 3, "content_type": 15, "object_id": "7", "object_repr": "bklrxyajzy", "action_flag": 3, "change_message": ""}}, {"model": "admin.logentry", "pk": 32, "fields": {"action_time": "2023-09-06T12:02:29.513Z", "user": 3, "content_type": 15, "object_id": "6", "object_repr": "fhsnesnssr", "action_flag": 3, "change_message": ""}}, {"model": "admin.logentry", "pk": 33, "fields": {"action_time": "2023-09-06T12:02:29.533Z", "user": 3, "content_type": 15, "object_id": "5", "object_repr": "bvqpracaxg", "action_flag": 3, "change_message": ""}}, {"model": "admin.logentry", "pk": 34, "fields": {"action_time": "2023-09-06T12:02:29.554Z", "user": 3, "content_type": 15, "object_id": "4", "object_repr": "jzmbdkdrmm", "action_flag": 3, "change_message": ""}}, {"model": "admin.logentry", "pk": 35, "fields": {"action_time": "2023-09-06T12:02:29.571Z", "user": 3, "content_type": 15, "object_id": "3", "object_repr": "xeoaxxzpby", "action_flag": 3, "change_message": ""}}, {"model": "admin.logentry", "pk": 36, "fields": {"action_time": "2023-09-06T12:02:29.595Z", "user": 3, "content_type": 15, "object_id": "2", "object_repr": "guszytuiyd", "action_flag": 3, "change_message": ""}}, {"model": "admin.logentry", "pk": 37, "fields": {"action_time": "2023-09-06T12:02:29.621Z", "user": 3, "content_type": 15, "object_id": "1", "object_repr": "bozfochqjy", "action_flag": 3, "change_message": ""}}, {"model": "admin.logentry", "pk": 38, "fields": {"action_time": "2023-09-07T15:42:52.810Z", "user": 3, "content_type": 24, "object_id": "1", "object_repr": "CODE1", "action_flag": 1, "change_message": "[{\"added\": {}}]"}}, {"model": "admin.logentry", "pk": 39, "fields": {"action_time": "2023-09-14T13:15:05.009Z", "user": 3, "content_type": 15, "object_id": "27", "object_repr": "csfmllbpto", "action_flag": 2, "change_message": "[{\"changed\": {\"fields\": [\"Checked in\"]}}, {\"added\": {\"name\": \"activity log\", \"object\": \"csfmllbpto\"}}]"}}, {"model": "admin.logentry", "pk": 40, "fields": {"action_time": "2023-09-14T13:42:48.741Z", "user": 3, "content_type": 15, "object_id": "25", "object_repr": "ccpkcmlfxq", "action_flag": 2, "change_message": "[{\"changed\": {\"fields\": [\"Payment status\"]}}]"}}, {"model": "admin.logentry", "pk": 41, "fields": {"action_time": "2023-09-14T17:00:18.121Z", "user": 3, "content_type": 26, "object_id": "1", "object_repr": "destiny", "action_flag": 1, "change_message": "[{\"added\": {}}]"}}, {"model": "admin.logentry", "pk": 42, "fields": {"action_time": "2023-09-15T13:47:06.951Z", "user": 3, "content_type": 26, "object_id": "1", "object_repr": "destiny", "action_flag": 2, "change_message": "[{\"changed\": {\"fields\": [\"Seen\"]}}]"}}, {"model": "admin.logentry", "pk": 43, "fields": {"action_time": "2023-09-15T13:47:19.016Z", "user": 3, "content_type": 26, "object_id": "1", "object_repr": "destiny", "action_flag": 2, "change_message": "[{\"changed\": {\"fields\": [\"Seen\"]}}]"}}, {"model": "admin.logentry", "pk": 44, "fields": {"action_time": "2023-09-15T13:52:41.036Z", "user": 3, "content_type": 26, "object_id": "1", "object_repr": "destiny", "action_flag": 2, "change_message": "[{\"changed\": {\"fields\": [\"Seen\"]}}]"}}, {"model": "admin.logentry", "pk": 45, "fields": {"action_time": "2023-09-15T14:12:17.804Z", "user": 3, "content_type": 26, "object_id": "1", "object_repr": "destiny", "action_flag": 2, "change_message": "[{\"changed\": {\"fields\": [\"Seen\"]}}]"}}, {"model": "admin.logentry", "pk": 46, "fields": {"action_time": "2023-09-15T14:48:48.137Z", "user": 3, "content_type": 26, "object_id": "1", "object_repr": "destiny", "action_flag": 2, "change_message": "[{\"changed\": {\"fields\": [\"Seen\"]}}]"}}, {"model": "admin.logentry", "pk": 47, "fields": {"action_time": "2023-09-15T15:08:27.892Z", "user": 3, "content_type": 27, "object_id": "1", "object_repr": "destiny", "action_flag": 1, "change_message": "[{\"added\": {}}]"}}, {"model": "admin.logentry", "pk": 48, "fields": {"action_time": "2023-09-15T15:30:18.064Z", "user": 3, "content_type": 27, "object_id": "2", "object_repr": "destiny", "action_flag": 1, "change_message": "[{\"added\": {}}]"}}, {"model": "admin.logentry", "pk": 49, "fields": {"action_time": "2023-09-15T15:30:22.892Z", "user": 3, "content_type": 27, "object_id": "3", "object_repr": "destiny", "action_flag": 1, "change_message": "[{\"added\": {}}]"}}, {"model": "admin.logentry", "pk": 50, "fields": {"action_time": "2023-09-15T15:48:14.396Z", "user": 3, "content_type": 27, "object_id": "5", "object_repr": "destiny", "action_flag": 3, "change_message": ""}}, {"model": "admin.logentry", "pk": 51, "fields": {"action_time": "2023-09-15T15:48:14.422Z", "user": 3, "content_type": 27, "object_id": "4", "object_repr": "destiny", "action_flag": 3, "change_message": ""}}, {"model": "admin.logentry", "pk": 52, "fields": {"action_time": "2023-09-15T15:48:14.443Z", "user": 3, "content_type": 27, "object_id": "2", "object_repr": "destiny", "action_flag": 3, "change_message": ""}}, {"model": "admin.logentry", "pk": 53, "fields": {"action_time": "2023-09-15T18:05:43.856Z", "user": 3, "content_type": 28, "object_id": "1", "object_repr": "destiny - 3", "action_flag": 1, "change_message": "[{\"added\": {}}]"}}, {"model": "admin.logentry", "pk": 54, "fields": {"action_time": "2023-09-15T18:06:08.789Z", "user": 3, "content_type": 28, "object_id": "2", "object_repr": "cewyte - 5", "action_flag": 1, "change_message": "[{\"added\": {}}]"}}, {"model": "admin.logentry", "pk": 55, "fields": {"action_time": "2023-09-15T18:06:39.802Z", "user": 3, "content_type": 28, "object_id": "2", "object_repr": "cewyte - 5", "action_flag": 2, "change_message": "[{\"changed\": {\"fields\": [\"Active\"]}}]"}}, {"model": "admin.logentry", "pk": 56, "fields": {"action_time": "2023-09-15T18:07:33.175Z", "user": 3, "content_type": 28, "object_id": "3", "object_repr": "pesynyxisa - 1", "action_flag": 1, "change_message": "[{\"added\": {}}]"}}, {"model": "admin.logentry", "pk": 57, "fields": {"action_time": "2023-09-15T18:29:34.952Z", "user": 3, "content_type": 28, "object_id": "3", "object_repr": "pesynyxisa - 1", "action_flag": 3, "change_message": ""}}, {"model": "admin.logentry", "pk": 58, "fields": {"action_time": "2023-09-15T18:29:34.986Z", "user": 3, "content_type": 28, "object_id": "2", "object_repr": "cewyte - 5", "action_flag": 3, "change_message": ""}}, {"model": "admin.logentry", "pk": 59, "fields": {"action_time": "2023-09-15T18:29:35.003Z", "user": 3, "content_type": 28, "object_id": "1", "object_repr": "destiny - 3", "action_flag": 3, "change_message": ""}}, {"model": "admin.logentry", "pk": 60, "fields": {"action_time": "2023-09-15T22:19:29.326Z", "user": 3, "content_type": 28, "object_id": "4", "object_repr": "destiny - 2", "action_flag": 1, "change_message": "[{\"added\": {}}]"}}, {"model": "admin.logentry", "pk": 61, "fields": {"action_time": "2023-09-15T22:19:42.285Z", "user": 3, "content_type": 28, "object_id": "4", "object_repr": "destiny - 2", "action_flag": 3, "change_message": ""}}, {"model": "admin.logentry", "pk": 62, "fields": {"action_time": "2023-09-27T18:05:12.139Z", "user": 3, "content_type": 28, "object_id": "5", "object_repr": "destiny - 4", "action_flag": 3, "change_message": ""}}, {"model": "admin.logentry", "pk": 63, "fields": {"action_time": "2023-09-27T18:08:19.442Z", "user": 3, "content_type": 28, "object_id": "6", "object_repr": "destiny - 4", "action_flag": 3, "change_message": ""}}, {"model": "admin.logentry", "pk": 64, "fields": {"action_time": "2023-09-28T12:14:10.331Z", "user": 3, "content_type": 28, "object_id": "7", "object_repr": "destiny - 4", "action_flag": 3, "change_message": ""}}, {"model": "admin.logentry", "pk": 65, "fields": {"action_time": "2023-09-28T12:17:12.714Z", "user": 3, "content_type": 28, "object_id": "8", "object_repr": "destiny - 4", "action_flag": 3, "change_message": ""}}, {"model": "admin.logentry", "pk": 66, "fields": {"action_time": "2023-09-28T12:20:11.431Z", "user": 3, "content_type": 28, "object_id": "9", "object_repr": "destiny - 4", "action_flag": 3, "change_message": ""}}, {"model": "admin.logentry", "pk": 67, "fields": {"action_time": "2023-09-28T12:21:58.949Z", "user": 3, "content_type": 28, "object_id": "10", "object_repr": "destiny - 5", "action_flag": 2, "change_message": "[{\"changed\": {\"fields\": [\"Active\"]}}]"}}, {"model": "admin.logentry", "pk": 68, "fields": {"action_time": "2023-09-28T12:24:15.219Z", "user": 3, "content_type": 28, "object_id": "10", "object_repr": "destiny - 5", "action_flag": 3, "change_message": ""}}, {"model": "admin.logentry", "pk": 69, "fields": {"action_time": "2023-10-17T21:10:33.729Z", "user": 3, "content_type": 28, "object_id": "11", "object_repr": "destiny - 3", "action_flag": 2, "change_message": "[{\"changed\": {\"fields\": [\"Active\"]}}]"}}, {"model": "admin.logentry", "pk": 70, "fields": {"action_time": "2023-10-17T22:05:18.611Z", "user": 3, "content_type": 15, "object_id": "26", "object_repr": "pqzdchvfhk", "action_flag": 2, "change_message": "[{\"changed\": {\"fields\": [\"Check in date\"]}}]"}}, {"model": "admin.logentry", "pk": 71, "fields": {"action_time": "2023-10-17T22:09:01.745Z", "user": 3, "content_type": 15, "object_id": "26", "object_repr": "pqzdchvfhk", "action_flag": 2, "change_message": "[{\"changed\": {\"fields\": [\"Check in date\"]}}]"}}, {"model": "admin.logentry", "pk": 72, "fields": {"action_time": "2023-10-17T22:09:15.287Z", "user": 3, "content_type": 15, "object_id": "26", "object_repr": "pqzdchvfhk", "action_flag": 2, "change_message": "[{\"changed\": {\"fields\": [\"Check in date\"]}}]"}}, {"model": "admin.logentry", "pk": 73, "fields": {"action_time": "2023-10-17T22:24:27.384Z", "user": 3, "content_type": 16, "object_id": "2", "object_repr": "Grand Hyat Hotel - Room 2", "action_flag": 2, "change_message": "[{\"changed\": {\"fields\": [\"Is available\"]}}]"}}, {"model": "admin.logentry", "pk": 74, "fields": {"action_time": "2023-10-17T22:26:08.325Z", "user": 3, "content_type": 16, "object_id": "1", "object_repr": "Grand Hyat Hotel - King -  Room 1", "action_flag": 2, "change_message": "[{\"changed\": {\"fields\": [\"Is available\"]}}]"}}, {"model": "admin.logentry", "pk": 75, "fields": {"action_time": "2023-10-17T22:27:57.713Z", "user": 3, "content_type": 15, "object_id": "26", "object_repr": "pqzdchvfhk", "action_flag": 2, "change_message": "[{\"changed\": {\"fields\": [\"Check in date\", \"Check out date\"]}}]"}}, {"model": "admin.logentry", "pk": 76, "fields": {"action_time": "2023-10-17T22:29:25.994Z", "user": 3, "content_type": 15, "object_id": "26", "object_repr": "pqzdchvfhk", "action_flag": 2, "change_message": "[{\"changed\": {\"fields\": [\"Check in date\", \"Check out date\"]}}]"}}, {"model": "admin.logentry", "pk": 77, "fields": {"action_time": "2023-10-17T22:32:14.545Z", "user": 3, "content_type": 15, "object_id": "26", "object_repr": "pqzdchvfhk", "action_flag": 2, "change_message": "[{\"changed\": {\"fields\": [\"Check out date\"]}}]"}}, {"model": "admin.logentry", "pk": 78, "fields": {"action_time": "2023-10-17T22:32:25.408Z", "user": 3, "content_type": 15, "object_id": "26", "object_repr": "pqzdchvfhk", "action_flag": 2, "change_message": "[{\"changed\": {\"fields\": [\"Checked in tracker\"]}}]"}}, {"model": "admin.logentry", "pk": 79, "fields": {"action_time": "2023-10-17T22:32:45.097Z", "user": 3, "content_type": 15, "object_id": "26", "object_repr": "pqzdchvfhk", "action_flag": 2, "change_message": "[{\"changed\": {\"fields\": [\"Check in date\"]}}]"}}, {"model": "admin.logentry", "pk": 80, "fields": {"action_time": "2023-10-17T22:35:04.367Z", "user": 3, "content_type": 15, "object_id": "26", "object_repr": "pqzdchvfhk", "action_flag": 2, "change_message": "[{\"changed\": {\"fields\": [\"Check in date\"]}}]"}}, {"model": "admin.logentry", "pk": 81, "fields": {"action_time": "2023-10-17T22:35:30.179Z", "user": 3, "content_type": 15, "object_id": "26", "object_repr": "pqzdchvfhk", "action_flag": 2, "change_message": "[{\"changed\": {\"fields\": [\"Check in date\"]}}]"}}, {"model": "admin.logentry", "pk": 82, "fields": {"action_time": "2023-10-17T22:36:13.910Z", "user": 3, "content_type": 15, "object_id": "26", "object_repr": "pqzdchvfhk", "action_flag": 2, "change_message": "[{\"changed\": {\"fields\": [\"Check in date\", \"Checked in tracker\"]}}]"}}, {"model": "admin.logentry", "pk": 83, "fields": {"action_time": "2023-10-17T22:36:36.302Z", "user": 3, "content_type": 15, "object_id": "26", "object_repr": "pqzdchvfhk", "action_flag": 2, "change_message": "[{\"changed\": {\"fields\": [\"Check out date\"]}}]"}}, {"model": "admin.logentry", "pk": 84, "fields": {"action_time": "2023-10-17T22:36:51.903Z", "user": 3, "content_type": 15, "object_id": "26", "object_repr": "pqzdchvfhk", "action_flag": 2, "change_message": "[{\"changed\": {\"fields\": [\"Check out date\"]}}]"}}, {"model": "admin.logentry", "pk": 85, "fields": {"action_time": "2023-10-17T22:37:29.110Z", "user": 3, "content_type": 15, "object_id": "26", "object_repr": "pqzdchvfhk", "action_flag": 2, "change_message": "[{\"changed\": {\"fields\": [\"Check in date\"]}}]"}}, {"model": "admin.logentry", "pk": 86, "fields": {"action_time": "2023-10-17T22:39:11.439Z", "user": 3, "content_type": 15, "object_id": "26", "object_repr": "pqzdchvfhk", "action_flag": 2, "change_message": "[{\"changed\": {\"fields\": [\"Is active\", \"Checked in tracker\"]}}]"}}, {"model": "admin.logentry", "pk": 87, "fields": {"action_time": "2023-10-17T22:40:57.673Z", "user": 3, "content_type": 15, "object_id": "26", "object_repr": "pqzdchvfhk", "action_flag": 2, "change_message": "[{\"changed\": {\"fields\": [\"Check in date\"]}}]"}}, {"model": "admin.logentry", "pk": 88, "fields": {"action_time": "2023-10-17T22:41:47.360Z", "user": 3, "content_type": 15, "object_id": "26", "object_repr": "pqzdchvfhk", "action_flag": 2, "change_message": "[{\"changed\": {\"fields\": [\"Is active\"]}}]"}}, {"model": "admin.logentry", "pk": 89, "fields": {"action_time": "2023-10-17T22:42:17.494Z", "user": 3, "content_type": 15, "object_id": "26", "object_repr": "pqzdchvfhk", "action_flag": 2, "change_message": "[{\"changed\": {\"fields\": [\"Check in date\", \"Checked in tracker\"]}}]"}}, {"model": "admin.logentry", "pk": 90, "fields": {"action_time": "2023-10-17T22:42:54.835Z", "user": 3, "content_type": 15, "object_id": "26", "object_repr": "pqzdchvfhk", "action_flag": 2, "change_message": "[{\"changed\": {\"fields\": [\"Check in date\"]}}]"}}, {"model": "admin.logentry", "pk": 91, "fields": {"action_time": "2023-10-17T23:56:25.096Z", "user": 3, "content_type": 15, "object_id": "28", "object_repr": "rllkhznfnn", "action_flag": 2, "change_message": "[{\"changed\": {\"fields\": [\"Check in date\"]}}]"}}, {"model": "admin.logentry", "pk": 92, "fields": {"action_time": "2023-10-17T23:57:12.965Z", "user": 3, "content_type": 15, "object_id": "28", "object_repr": "rllkhznfnn", "action_flag": 2, "change_message": "[{\"changed\": {\"fields\": [\"Check in date\"]}}]"}}, {"model": "admin.logentry", "pk": 93, "fields": {"action_time": "2023-10-17T23:57:31.569Z", "user": 3, "content_type": 15, "object_id": "28", "object_repr": "rllkhznfnn", "action_flag": 2, "change_message": "[{\"changed\": {\"fields\": [\"Check in date\", \"Check out date\"]}}]"}}, {"model": "admin.logentry", "pk": 94, "fields": {"action_time": "2023-10-18T00:10:16.133Z", "user": 3, "content_type": 15, "object_id": "29", "object_repr": "tplxxbniht", "action_flag": 2, "change_message": "[{\"changed\": {\"fields\": [\"Check in date\", \"Check out date\", \"Checked in tracker\"]}}]"}}, {"model": "admin.logentry", "pk": 95, "fields": {"action_time": "2023-10-18T00:19:43.524Z", "user": 3, "content_type": 24, "object_id": "1", "object_repr": "CODE1", "action_flag": 2, "change_message": "[{\"changed\": {\"fields\": [\"Valid to\"]}}]"}}, {"model": "admin.logentry", "pk": 96, "fields": {"action_time": "2023-10-18T00:22:56.937Z", "user": 3, "content_type": 15, "object_id": "30", "object_repr": "baxvmupuom", "action_flag": 2, "change_message": "[{\"changed\": {\"fields\": [\"Check out date\"]}}]"}}, {"model": "admin.logentry", "pk": 97, "fields": {"action_time": "2023-10-18T00:27:10.716Z", "user": 3, "content_type": 15, "object_id": "31", "object_repr": "pgulltoqpz", "action_flag": 2, "change_message": "[{\"changed\": {\"fields\": [\"Check out date\"]}}]"}}, {"model": "admin.logentry", "pk": 98, "fields": {"action_time": "2023-10-18T14:30:34.921Z", "user": 3, "content_type": 13, "object_id": "3", "object_repr": "Kiki's Home and ApartmentsOpens in new window", "action_flag": 1, "change_message": "[{\"added\": {}}, {\"added\": {\"name\": \"hotel gallery\", \"object\": \"Kiki's Home and ApartmentsOpens in new window\"}}, {\"added\": {\"name\": \"hotel gallery\", \"object\": \"Kiki's Home and ApartmentsOpens in new window\"}}, {\"added\": {\"name\": \"hotel gallery\", \"object\": \"Kiki's Home and ApartmentsOpens in new window\"}}, {\"added\": {\"name\": \"hotel features\", \"object\": \"Kiki's Home and ApartmentsOpens in new window\"}}, {\"added\": {\"name\": \"hotel features\", \"object\": \"Kiki's Home and ApartmentsOpens in new window\"}}, {\"added\": {\"name\": \"hotel features\", \"object\": \"Kiki's Home and ApartmentsOpens in new window\"}}, {\"added\": {\"name\": \"room type\", \"object\": \"Classic\"}}, {\"added\": {\"name\": \"room type\", \"object\": \"Gold\"}}, {\"added\": {\"name\": \"room type\", \"object\": \"Deluxe\"}}, {\"added\": {\"name\": \"room\", \"object\": \"Kiki's Home and ApartmentsOpens in new window - King -  Room 1\"}}, {\"added\": {\"name\": \"hotel fa qs\", \"object\": \"Kiki's Home and ApartmentsOpens in new window\"}}, {\"added\": {\"name\": \"hotel fa qs\", \"object\": \"Kiki's Home and ApartmentsOpens in new window\"}}]"}}, {"model": "admin.logentry", "pk": 99, "fields": {"action_time": "2023-10-18T14:37:10.375Z", "user": 3, "content_type": 13, "object_id": "4", "object_repr": "Park Inn by Radisson Abeokuta", "action_flag": 1, "change_message": "[{\"added\": {}}, {\"added\": {\"name\": \"hotel gallery\", \"object\": \"Park Inn by Radisson Abeokuta\"}}, {\"added\": {\"name\": \"hotel gallery\", \"object\": \"Park Inn by Radisson Abeokuta\"}}, {\"added\": {\"name\": \"hotel gallery\", \"object\": \"Park Inn by Radisson Abeokuta\"}}, {\"added\": {\"name\": \"hotel features\", \"object\": \"Park Inn by Radisson Abeokuta\"}}, {\"added\": {\"name\": \"hotel features\", \"object\": \"Park Inn by Radisson Abeokuta\"}}, {\"added\": {\"name\": \"hotel features\", \"object\": \"Park Inn by Radisson Abeokuta\"}}, {\"added\": {\"name\": \"room type\", \"object\": \"Low Classf\"}}, {\"added\": {\"name\": \"room type\", \"object\": \"Mid Cla\"}}, {\"added\": {\"name\": \"room type\", \"object\": \"Top Class\"}}]"}}, {"model": "admin.logentry", "pk": 100, "fields": {"action_time": "2023-10-18T16:22:07.904Z", "user": 3, "content_type": 13, "object_id": "4", "object_repr": "Park Inn by Radisson Abeokuta", "action_flag": 2, "change_message": "[{\"changed\": {\"fields\": [\"Description\"]}}, {\"changed\": {\"name\": \"room type\", \"object\": \"Low Class\", \"fields\": [\"Type\"]}}]"}}, {"model": "admin.logentry", "pk": 101, "fields": {"action_time": "2023-10-18T16:22:43.508Z", "user": 3, "content_type": 13, "object_id": "4", "object_repr": "Park Inn by Radisson Abeokuta", "action_flag": 2, "change_message": "[{\"changed\": {\"fields\": [\"Description\"]}}, {\"added\": {\"name\": \"room\", \"object\": \"Park Inn by Radisson Abeokuta - Low Class -  Room 1\"}}, {\"added\": {\"name\": \"room\", \"object\": \"Park Inn by Radisson Abeokuta - Low Class -  Room 2\"}}, {\"added\": {\"name\": \"room\", \"object\": \"Park Inn by Radisson Abeokuta - Low Class -  Room 3\"}}]"}}, {"model": "admin.logentry", "pk": 102, "fields": {"action_time": "2023-10-18T16:23:13.507Z", "user": 3, "content_type": 13, "object_id": "4", "object_repr": "Park Inn by Radisson Abeokuta", "action_flag": 2, "change_message": "[{\"changed\": {\"fields\": [\"Description\"]}}, {\"added\": {\"name\": \"room\", \"object\": \"Park Inn by Radisson Abeokuta - Low Class -  Room 1\"}}, {\"added\": {\"name\": \"room\", \"object\": \"Park Inn by Radisson Abeokuta - Low Class -  Room 2\"}}, {\"added\": {\"name\": \"room\", \"object\": \"Park Inn by Radisson Abeokuta - Low Class -  Room 3\"}}]"}}, {"model": "admin.logentry", "pk": 103, "fields": {"action_time": "2023-10-18T16:25:32.605Z", "user": 3, "content_type": 13, "object_id": "4", "object_repr": "Park Inn by Radisson Abeokuta", "action_flag": 2, "change_message": "[{\"changed\": {\"fields\": [\"Description\"]}}, {\"added\": {\"name\": \"room\", \"object\": \"Park Inn by Radisson Abeokuta - Top Class -  Room 1\"}}, {\"added\": {\"name\": \"room\", \"object\": \"Park Inn by Radisson Abeokuta - Top Class -  Room 2\"}}, {\"added\": {\"name\": \"room\", \"object\": \"Park Inn by Radisson Abeokuta - Top Class -  Room 3\"}}, {\"changed\": {\"name\": \"room\", \"object\": \"Park Inn by Radisson Abeokuta - Mid Cla -  Room 1\", \"fields\": [\"Room type\"]}}, {\"changed\": {\"name\": \"room\", \"object\": \"Park Inn by Radisson Abeokuta - Mid Cla -  Room 2\", \"fields\": [\"Room type\"]}}, {\"changed\": {\"name\": \"room\", \"object\": \"Park Inn by Radisson Abeokuta - Mid Cla -  Room 3\", \"fields\": [\"Room type\"]}}]"}}, {"model": "admin.logentry", "pk": 104, "fields": {"action_time": "2023-10-18T19:03:16.516Z", "user": 3, "content_type": 13, "object_id": "5", "object_repr": "Black Signature Hotel", "action_flag": 1, "change_message": "[{\"added\": {}}, {\"added\": {\"name\": \"hotel gallery\", \"object\": \"Black Signature Hotel\"}}, {\"added\": {\"name\": \"hotel gallery\", \"object\": \"Black Signature Hotel\"}}, {\"added\": {\"name\": \"hotel gallery\", \"object\": \"Black Signature Hotel\"}}, {\"added\": {\"name\": \"hotel features\", \"object\": \"Black Signature Hotel\"}}, {\"added\": {\"name\": \"hotel features\", \"object\": \"Black Signature Hotel\"}}, {\"added\": {\"name\": \"hotel features\", \"object\": \"Black Signature Hotel\"}}]"}}, {"model": "admin.logentry", "pk": 105, "fields": {"action_time": "2023-10-19T12:20:29.375Z", "user": 3, "content_type": 13, "object_id": "1", "object_repr": "Grand Hyat Hotel", "action_flag": 2, "change_message": "[{\"changed\": {\"fields\": [\"Description\"]}}]"}}, {"model": "admin.logentry", "pk": 106, "fields": {"action_time": "2023-10-19T12:35:49.728Z", "user": 3, "content_type": 24, "object_id": "1", "object_repr": "CODE1", "action_flag": 2, "change_message": "[{\"changed\": {\"fields\": [\"Discount\"]}}]"}}, {"model": "admin.logentry", "pk": 107, "fields": {"action_time": "2023-10-19T12:51:14.177Z", "user": 6, "content_type": 13, "object_id": "6", "object_repr": "Eastwood Hotel", "action_flag": 1, "change_message": "[{\"added\": {}}]"}}, {"model": "admin.logentry", "pk": 108, "fields": {"action_time": "2023-10-19T12:51:51.052Z", "user": 6, "content_type": 13, "object_id": "6", "object_repr": "Eastwood Hotel", "action_flag": 2, "change_message": "[{\"added\": {\"name\": \"hotel gallery\", \"object\": \"Eastwood Hotel\"}}, {\"added\": {\"name\": \"hotel gallery\", \"object\": \"Eastwood Hotel\"}}, {\"added\": {\"name\": \"hotel gallery\", \"object\": \"Eastwood Hotel\"}}, {\"added\": {\"name\": \"hotel gallery\", \"object\": \"Eastwood Hotel\"}}, {\"added\": {\"name\": \"hotel gallery\", \"object\": \"Eastwood Hotel\"}}]"}}, {"model": "admin.logentry", "pk": 109, "fields": {"action_time": "2023-10-19T12:52:21.197Z", "user": 6, "content_type": 13, "object_id": "6", "object_repr": "Eastwood Hotel", "action_flag": 2, "change_message": "[{\"added\": {\"name\": \"hotel features\", \"object\": \"Eastwood Hotel\"}}, {\"added\": {\"name\": \"hotel features\", \"object\": \"Eastwood Hotel\"}}, {\"added\": {\"name\": \"hotel features\", \"object\": \"Eastwood Hotel\"}}]"}}, {"model": "admin.logentry", "pk": 110, "fields": {"action_time": "2023-10-19T12:53:40.664Z", "user": 6, "content_type": 13, "object_id": "6", "object_repr": "Eastwood Hotel", "action_flag": 2, "change_message": "[{\"added\": {\"name\": \"room type\", \"object\": \"Basic - Eastwood Hotel - 10\"}}, {\"added\": {\"name\": \"room type\", \"object\": \"Standard - Eastwood Hotel - 20\"}}, {\"added\": {\"name\": \"room type\", \"object\": \"Pemium - Eastwood Hotel - 30\"}}]"}}, {"model": "admin.logentry", "pk": 111, "fields": {"action_time": "2023-10-19T12:55:31.996Z", "user": 6, "content_type": 13, "object_id": "6", "object_repr": "Eastwood Hotel", "action_flag": 2, "change_message": "[{\"added\": {\"name\": \"room\", \"object\": \"Eastwood Hotel - Basic -  Room 1\"}}, {\"added\": {\"name\": \"room\", \"object\": \"Eastwood Hotel - Standard -  Room 2\"}}, {\"added\": {\"name\": \"room\", \"object\": \"Eastwood Hotel - Basic -  Room 3\"}}, {\"added\": {\"name\": \"room\", \"object\": \"Eastwood Hotel - Standard -  Room 4\"}}, {\"added\": {\"name\": \"room\", \"object\": \"Eastwood Hotel - Standard -  Room 5\"}}, {\"added\": {\"name\": \"room\", \"object\": \"Eastwood Hotel - Standard -  Room 6\"}}, {\"added\": {\"name\": \"room\", \"object\": \"Eastwood Hotel - Pemium -  Room 7\"}}, {\"added\": {\"name\": \"room\", \"object\": \"Eastwood Hotel - Pemium -  Room 8\"}}]"}}, {"model": "admin.logentry", "pk": 112, "fields": {"action_time": "2024-08-29T19:19:34.253Z", "user": 7, "content_type": 6, "object_id": "6", "object_repr": "Diana", "action_flag": 2, "change_message": "[{\"changed\": {\"fields\": [\"Username\", \"Email\"]}}]"}}, {"model": "admin.logentry", "pk": 113, "fields": {"action_time": "2024-08-29T19:19:36.249Z", "user": 7, "content_type": 28, "object_id": "12", "object_repr": "Diana - 4", "action_flag": 2, "change_message": "[]"}}, {"model": "admin.logentry", "pk": 114, "fields": {"action_time": "2024-08-29T19:20:10.737Z", "user": 7, "content_type": 6, "object_id": "3", "object_repr": "Kelly", "action_flag": 2, "change_message": "[{\"changed\": {\"fields\": [\"Username\", \"Email\"]}}]"}}, {"model": "admin.logentry", "pk": 115, "fields": {"action_time": "2024-08-29T19:20:12.508Z", "user": 7, "content_type": 28, "object_id": "11", "object_repr": "Kelly - 3", "action_flag": 2, "change_message": "[]"}}, {"model": "admin.logentry", "pk": 116, "fields": {"action_time": "2024-09-03T14:38:13.600Z", "user": 7, "content_type": 24, "object_id": "1", "object_repr": "CODE1", "action_flag": 2, "change_message": "[{\"changed\": {\"fields\": [\"Valid from\", \"Valid to\"]}}]"}}, {"model": "admin.logentry", "pk": 117, "fields": {"action_time": "2024-09-03T14:38:27.633Z", "user": 7, "content_type": 28, "object_id": "12", "object_repr": "Diana - 4", "action_flag": 2, "change_message": "[{\"changed\": {\"fields\": [\"Active\"]}}]"}}, {"model": "admin.logentry", "pk": 118, "fields": {"action_time": "2024-09-04T21:34:33.319Z", "user": 7, "content_type": 15, "object_id": "41", "object_repr": "bgshgijyrs", "action_flag": 3, "change_message": ""}}, {"model": "admin.logentry", "pk": 119, "fields": {"action_time": "2024-09-04T21:34:33.319Z", "user": 7, "content_type": 15, "object_id": "40", "object_repr": "tfjleajnjg", "action_flag": 3, "change_message": ""}}, {"model": "admin.logentry", "pk": 120, "fields": {"action_time": "2024-09-30T13:16:23.089Z", "user": 7, "content_type": 6, "object_id": "7", "object_repr": "Dylan B", "action_flag": 2, "change_message": "[{\"changed\": {\"fields\": [\"First name\", \"Last name\", \"Full name\"]}}]"}}, {"model": "admin.logentry", "pk": 121, "fields": {"action_time": "2024-09-30T13:43:21.677Z", "user": 7, "content_type": 13, "object_id": "2", "object_repr": "ABAR HOTEL APARTMENTS", "action_flag": 2, "change_message": "[{\"changed\": {\"fields\": [\"User\"]}}]"}}, {"model": "admin.logentry", "pk": 122, "fields": {"action_time": "2024-09-30T13:44:05.958Z", "user": 7, "content_type": 13, "object_id": "2", "object_repr": "ABAR HOTEL APARTMENTS", "action_flag": 2, "change_message": "[{\"changed\": {\"fields\": [\"User\"]}}]"}}, {"model": "admin.logentry", "pk": 123, "fields": {"action_time": "2024-09-30T13:44:49.682Z", "user": 7, "content_type": 6, "object_id": "5", "object_repr": "sufyw", "action_flag": 2, "change_message": "[{\"changed\": {\"fields\": [\"Date joined\"]}}]"}}, {"model": "admin.logentry", "pk": 124, "fields": {"action_time": "2024-09-30T13:45:29.173Z", "user": 7, "content_type": 7, "object_id": "5", "object_repr": "Lareina Aguirre", "action_flag": 2, "change_message": "[{\"changed\": {\"fields\": [\"Image\"]}}]"}}, {"model": "admin.logentry", "pk": 125, "fields": {"action_time": "2024-09-30T13:46:16.303Z", "user": 7, "content_type": 7, "object_id": "5", "object_repr": "Lareina Aguirre", "action_flag": 2, "change_message": "[{\"changed\": {\"fields\": [\"Country\", \"City\"]}}]"}}, {"model": "admin.logentry", "pk": 126, "fields": {"action_time": "2024-09-30T13:46:57.136Z", "user": 7, "content_type": 7, "object_id": "5", "object_repr": "Lareina Aguirre", "action_flag": 2, "change_message": "[{\"changed\": {\"fields\": [\"Phone\", \"State\", \"Address\"]}}]"}}, {"model": "admin.logentry", "pk": 127, "fields": {"action_time": "2024-09-30T13:54:40.520Z", "user": 7, "content_type": 13, "object_id": "2", "object_repr": "ABAR HOTEL APARTMENTS", "action_flag": 2, "change_message": "[{\"changed\": {\"fields\": [\"Description\"]}}, {\"added\": {\"name\": \"room type\", \"object\": \"King - ABAR HOTEL APARTMENTS - 250.50\"}}, {\"added\": {\"name\": \"room type\", \"object\": \"Luxury - ABAR HOTEL APARTMENTS - 145.50\"}}, {\"added\": {\"name\": \"room type\", \"object\": \"Economy - ABAR HOTEL APARTMENTS - 50.80\"}}, {\"added\": {\"name\": \"hotel fa qs\", \"object\": \"ABAR HOTEL APARTMENTS\"}}, {\"added\": {\"name\": \"hotel fa qs\", \"object\": \"ABAR HOTEL APARTMENTS\"}}]"}}, {"model": "admin.logentry", "pk": 128, "fields": {"action_time": "2024-09-30T13:56:14.169Z", "user": 7, "content_type": 7, "object_id": "3", "object_repr": "Kelly Kay", "action_flag": 2, "change_message": "[{\"changed\": {\"fields\": [\"Full name\", \"Gender\", \"Country\", \"City\"]}}]"}}, {"model": "admin.logentry", "pk": 129, "fields": {"action_time": "2024-09-30T13:56:27.962Z", "user": 7, "content_type": 7, "object_id": "6", "object_repr": "Diana", "action_flag": 2, "change_message": "[{\"changed\": {\"fields\": [\"Full name\"]}}]"}}, {"model": "admin.logentry", "pk": 130, "fields": {"action_time": "2024-09-30T13:58:47.692Z", "user": 7, "content_type": 13, "object_id": "2", "object_repr": "ABAR HOTEL APARTMENTS", "action_flag": 2, "change_message": "[{\"added\": {\"name\": \"room\", \"object\": \"ABAR HOTEL APARTMENTS - King -  Room 5\"}}, {\"added\": {\"name\": \"room\", \"object\": \"ABAR HOTEL APARTMENTS - Luxury -  Room 10\"}}, {\"added\": {\"name\": \"room\", \"object\": \"ABAR HOTEL APARTMENTS - Economy -  Room 20\"}}]"}}, {"model": "admin.logentry", "pk": 131, "fields": {"action_time": "2024-09-30T14:07:21.767Z", "user": 7, "content_type": 13, "object_id": "3", "object_repr": "Hotel Bella Italia", "action_flag": 2, "change_message": "[{\"changed\": {\"fields\": [\"User\", \"Name\", \"Description\", \"Address\", \"Email\", \"Tags\"]}}, {\"changed\": {\"name\": \"room type\", \"object\": \"Classic - Hotel Bella Italia - 200.00\", \"fields\": [\"Price\"]}}, {\"changed\": {\"name\": \"room type\", \"object\": \"Gold - Hotel Bella Italia - 400.00\", \"fields\": [\"Price\"]}}, {\"changed\": {\"name\": \"room type\", \"object\": \"Deluxe - Hotel Bella Italia - 600.00\", \"fields\": [\"Price\"]}}]"}}, {"model": "admin.logentry", "pk": 132, "fields": {"action_time": "2024-09-30T14:08:05.136Z", "user": 7, "content_type": 13, "object_id": "3", "object_repr": "Hotel Bella Italia", "action_flag": 2, "change_message": "[{\"added\": {\"name\": \"room\", \"object\": \"Hotel Bella Italia - Gold -  Room 2\"}}, {\"added\": {\"name\": \"room\", \"object\": \"Hotel Bella Italia - Deluxe -  Room 3\"}}, {\"changed\": {\"name\": \"room\", \"object\": \"Hotel Bella Italia - Classic -  Room 1\", \"fields\": [\"Room type\"]}}]"}}, {"model": "admin.logentry", "pk": 133, "fields": {"action_time": "2024-09-30T14:13:28.315Z", "user": 7, "content_type": 13, "object_id": "5", "object_repr": "Hotel Sol y Mar", "action_flag": 2, "change_message": "[{\"changed\": {\"fields\": [\"User\", \"Name\", \"Description\", \"Address\", \"Mobile\", \"Email\"]}}, {\"added\": {\"name\": \"room type\", \"object\": \"Luxury - Hotel Sol y Mar - 550.55\"}}, {\"added\": {\"name\": \"room type\", \"object\": \"King - Hotel Sol y Mar - 200.55\"}}, {\"added\": {\"name\": \"room type\", \"object\": \"Economy - Hotel Sol y Mar - 100.55\"}}, {\"added\": {\"name\": \"hotel fa qs\", \"object\": \"Hotel Sol y Mar\"}}, {\"added\": {\"name\": \"hotel fa qs\", \"object\": \"Hotel Sol y Mar\"}}]"}}, {"model": "admin.logentry", "pk": 134, "fields": {"action_time": "2024-09-30T14:14:57.621Z", "user": 7, "content_type": 13, "object_id": "2", "object_repr": "ABAR HOTEL APARTMENTS", "action_flag": 2, "change_message": "[{\"changed\": {\"fields\": [\"Tags\"]}}]"}}, {"model": "admin.logentry", "pk": 135, "fields": {"action_time": "2024-09-30T14:15:21.422Z", "user": 7, "content_type": 13, "object_id": "5", "object_repr": "Hotel Sol y Mar", "action_flag": 2, "change_message": "[{\"changed\": {\"fields\": [\"Tags\"]}}]"}}, {"model": "admin.logentry", "pk": 136, "fields": {"action_time": "2024-09-30T14:28:44.968Z", "user": 7, "content_type": 13, "object_id": "4", "object_repr": "Park Inn by Radisson Abeokuta", "action_flag": 2, "change_message": "[{\"changed\": {\"fields\": [\"User\", \"Description\", \"Address\", \"Mobile\", \"Tags\"]}}]"}}, {"model": "admin.logentry", "pk": 137, "fields": {"action_time": "2024-09-30T14:29:43.831Z", "user": 7, "content_type": 13, "object_id": "4", "object_repr": "Park Inn by Radisson Abeokuta", "action_flag": 2, "change_message": "[{\"changed\": {\"name\": \"room type\", \"object\": \"Low Class - Park Inn by Radisson Abeokuta - 29.00\", \"fields\": [\"Price\"]}}, {\"changed\": {\"name\": \"room type\", \"object\": \"Mid Cla - Park Inn by Radisson Abeokuta - 59.00\", \"fields\": [\"Price\"]}}, {\"changed\": {\"name\": \"room type\", \"object\": \"Top Class - Park Inn by Radisson Abeokuta - 105.00\", \"fields\": [\"Price\"]}}]"}}, {"model": "admin.logentry", "pk": 138, "fields": {"action_time": "2024-09-30T14:30:04.132Z", "user": 7, "content_type": 13, "object_id": "4", "object_repr": "Park Inn by Radisson Abeokuta", "action_flag": 2, "change_message": "[]"}}, {"model": "admin.logentry", "pk": 139, "fields": {"action_time": "2024-09-30T14:30:46.510Z", "user": 7, "content_type": 13, "object_id": "4", "object_repr": "Park Inn by Radisson Abeokuta", "action_flag": 2, "change_message": "[{\"added\": {\"name\": \"hotel fa qs\", \"object\": \"Park Inn by Radisson Abeokuta\"}}, {\"added\": {\"name\": \"hotel fa qs\", \"object\": \"Park Inn by Radisson Abeokuta\"}}]"}}, {"model": "admin.logentry", "pk": 140, "fields": {"action_time": "2024-09-30T14:31:14.838Z", "user": 7, "content_type": 13, "object_id": "4", "object_repr": "Riad Al Zahara", "action_flag": 2, "change_message": "[{\"changed\": {\"fields\": [\"Name\"]}}]"}}, {"model": "admin.logentry", "pk": 141, "fields": {"action_time": "2024-09-30T14:31:24.339Z", "user": 7, "content_type": 13, "object_id": "4", "object_repr": "Riad Al Zahara", "action_flag": 2, "change_message": "[]"}}, {"model": "admin.logentry", "pk": 142, "fields": {"action_time": "2024-09-30T14:35:51.358Z", "user": 7, "content_type": 13, "object_id": "6", "object_repr": "Hotel Adriatica", "action_flag": 2, "change_message": "[{\"changed\": {\"fields\": [\"Name\", \"Description\", \"Address\", \"Mobile\", \"Tags\"]}}, {\"changed\": {\"name\": \"room type\", \"object\": \"Basic - Hotel Adriatica - 100.00\", \"fields\": [\"Price\"]}}, {\"changed\": {\"name\": \"room type\", \"object\": \"Standard - Hotel Adriatica - 200.00\", \"fields\": [\"Price\"]}}, {\"changed\": {\"name\": \"room type\", \"object\": \"Pemium - Hotel Adriatica - 300.00\", \"fields\": [\"Price\"]}}, {\"added\": {\"name\": \"hotel fa qs\", \"object\": \"Hotel Adriatica\"}}]"}}, {"model": "admin.logentry", "pk": 143, "fields": {"action_time": "2024-10-02T15:20:29.917Z", "user": 7, "content_type": 13, "object_id": "5", "object_repr": "Hotel Sol y Mar", "action_flag": 2, "change_message": "[{\"added\": {\"name\": \"room\", \"object\": \"Hotel Sol y Mar - Luxury -  Room 501\"}}, {\"added\": {\"name\": \"room\", \"object\": \"Hotel Sol y Mar - King -  Room 401\"}}, {\"added\": {\"name\": \"room\", \"object\": \"Hotel Sol y Mar - Economy -  Room 101\"}}]"}}, {"model": "admin.logentry", "pk": 144, "fields": {"action_time": "2024-10-03T15:02:47.608Z", "user": 7, "content_type": 24, "object_id": "1", "object_repr": "CODE1", "action_flag": 2, "change_message": "[{\"changed\": {\"fields\": [\"Discount\"]}}]"}}, {"model": "admin.logentry", "pk": 145, "fields": {"action_time": "2024-10-03T15:05:30.512Z", "user": 7, "content_type": 28, "object_id": "13", "object_repr": "sufyw - 4", "action_flag": 1, "change_message": "[{\"added\": {}}]"}}, {"model": "admin.logentry", "pk": 146, "fields": {"action_time": "2024-10-03T15:07:35.365Z", "user": 7, "content_type": 7, "object_id": "7", "object_repr": "Dylan B", "action_flag": 2, "change_message": "[{\"changed\": {\"fields\": [\"Phone\", \"Gender\", \"Country\", \"City\", \"State\", \"Address\"]}}]"}}, {"model": "admin.logentry", "pk": 147, "fields": {"action_time": "2024-10-03T15:07:51.552Z", "user": 7, "content_type": 7, "object_id": "7", "object_repr": "Dylan B", "action_flag": 2, "change_message": "[{\"changed\": {\"fields\": [\"Image\"]}}]"}}, {"model": "admin.logentry", "pk": 148, "fields": {"action_time": "2024-10-03T15:09:40.951Z", "user": 7, "content_type": 13, "object_id": "5", "object_repr": "Hotel Sol y Mar", "action_flag": 2, "change_message": "[{\"changed\": {\"fields\": [\"Slug\"]}}]"}}, {"model": "admin.logentry", "pk": 149, "fields": {"action_time": "2024-10-03T15:10:58.442Z", "user": 7, "content_type": 13, "object_id": "5", "object_repr": "Hotel Sol y Mar", "action_flag": 2, "change_message": "[{\"changed\": {\"fields\": [\"Slug\"]}}]"}}, {"model": "admin.logentry", "pk": 150, "fields": {"action_time": "2024-10-03T15:11:20.181Z", "user": 7, "content_type": 13, "object_id": "6", "object_repr": "Hotel Adriatica", "action_flag": 2, "change_message": "[{\"changed\": {\"fields\": [\"Slug\"]}}]"}}, {"model": "admin.logentry", "pk": 151, "fields": {"action_time": "2024-10-03T15:11:39.819Z", "user": 7, "content_type": 13, "object_id": "4", "object_repr": "Riad Al Zahara", "action_flag": 2, "change_message": "[{\"changed\": {\"fields\": [\"Slug\"]}}]"}}, {"model": "admin.logentry", "pk": 152, "fields": {"action_time": "2024-10-03T15:12:03.249Z", "user": 7, "content_type": 13, "object_id": "3", "object_repr": "Hotel Bella Italia", "action_flag": 2, "change_message": "[{\"changed\": {\"fields\": [\"Slug\"]}}]"}}, {"model": "admin.logentry", "pk": 153, "fields": {"action_time": "2024-10-03T15:17:11.824Z", "user": 7, "content_type": 7, "object_id": "6", "object_repr": "Diana", "action_flag": 2, "change_message": "[{\"changed\": {\"fields\": [\"Image\"]}}]"}}, {"model": "admin.logentry", "pk": 154, "fields": {"action_time": "2024-10-08T19:25:11.458Z", "user": 7, "content_type": 15, "object_id": "33", "object_repr": "bpsokthjzg", "action_flag": 3, "change_message": ""}}, {"model": "admin.logentry", "pk": 155, "fields": {"action_time": "2024-10-08T19:25:11.458Z", "user": 7, "content_type": 15, "object_id": "32", "object_repr": "bqvkbdrpox", "action_flag": 3, "change_message": ""}}, {"model": "admin.logentry", "pk": 156, "fields": {"action_time": "2024-10-08T19:25:11.458Z", "user": 7, "content_type": 15, "object_id": "31", "object_repr": "pgulltoqpz", "action_flag": 3, "change_message": ""}}, {"model": "admin.logentry", "pk": 157, "fields": {"action_time": "2024-10-08T19:25:11.458Z", "user": 7, "content_type": 15, "object_id": "30", "object_repr": "baxvmupuom", "action_flag": 3, "change_message": ""}}, {"model": "admin.logentry", "pk": 158, "fields": {"action_time": "2024-10-08T19:25:11.458Z", "user": 7, "content_type": 15, "object_id": "29", "object_repr": "tplxxbniht", "action_flag": 3, "change_message": ""}}, {"model": "admin.logentry", "pk": 159, "fields": {"action_time": "2024-10-08T19:25:11.458Z", "user": 7, "content_type": 15, "object_id": "28", "object_repr": "rllkhznfnn", "action_flag": 3, "change_message": ""}}, {"model": "admin.logentry", "pk": 160, "fields": {"action_time": "2024-10-08T19:25:11.458Z", "user": 7, "content_type": 15, "object_id": "27", "object_repr": "csfmllbpto", "action_flag": 3, "change_message": ""}}, {"model": "admin.logentry", "pk": 161, "fields": {"action_time": "2024-10-08T19:25:11.458Z", "user": 7, "content_type": 15, "object_id": "26", "object_repr": "pqzdchvfhk", "action_flag": 3, "change_message": ""}}, {"model": "admin.logentry", "pk": 162, "fields": {"action_time": "2024-10-08T19:25:11.458Z", "user": 7, "content_type": 15, "object_id": "25", "object_repr": "ccpkcmlfxq", "action_flag": 3, "change_message": ""}}, {"model": "admin.logentry", "pk": 163, "fields": {"action_time": "2024-10-08T19:25:11.458Z", "user": 7, "content_type": 15, "object_id": "24", "object_repr": "bnyooqhcco", "action_flag": 3, "change_message": ""}}, {"model": "admin.logentry", "pk": 164, "fields": {"action_time": "2024-10-08T19:25:11.458Z", "user": 7, "content_type": 15, "object_id": "23", "object_repr": "bivqvzkzmr", "action_flag": 3, "change_message": ""}}, {"model": "admin.logentry", "pk": 165, "fields": {"action_time": "2024-10-08T19:25:11.458Z", "user": 7, "content_type": 15, "object_id": "22", "object_repr": "bpoixvmurb", "action_flag": 3, "change_message": ""}}, {"model": "admin.logentry", "pk": 166, "fields": {"action_time": "2024-10-08T19:25:11.458Z", "user": 7, "content_type": 15, "object_id": "21", "object_repr": "ucoulfstba", "action_flag": 3, "change_message": ""}}, {"model": "admin.logentry", "pk": 167, "fields": {"action_time": "2024-10-08T19:25:11.458Z", "user": 7, "content_type": 15, "object_id": "20", "object_repr": "bpqgqnxujy", "action_flag": 3, "change_message": ""}}, {"model": "admin.logentry", "pk": 168, "fields": {"action_time": "2024-10-08T19:25:11.458Z", "user": 7, "content_type": 15, "object_id": "19", "object_repr": "xltfpjelzr", "action_flag": 3, "change_message": ""}}, {"model": "admin.logentry", "pk": 169, "fields": {"action_time": "2024-10-08T19:25:11.458Z", "user": 7, "content_type": 15, "object_id": "18", "object_repr": "bkingzbget", "action_flag": 3, "change_message": ""}}, {"model": "admin.logentry", "pk": 170, "fields": {"action_time": "2024-10-08T19:25:11.458Z", "user": 7, "content_type": 15, "object_id": "17", "object_repr": "qivddyhiah", "action_flag": 3, "change_message": ""}}, {"model": "admin.logentry", "pk": 171, "fields": {"action_time": "2024-10-08T19:25:11.458Z", "user": 7, "content_type": 15, "object_id": "16", "object_repr": "cvdzeajdfl", "action_flag": 3, "change_message": ""}}, {"model": "admin.logentry", "pk": 172, "fields": {"action_time": "2024-10-08T19:25:11.458Z", "user": 7, "content_type": 15, "object_id": "15", "object_repr": "gqkdoqerlg", "action_flag": 3, "change_message": ""}}, {"model": "admin.logentry", "pk": 173, "fields": {"action_time": "2024-10-08T19:25:11.458Z", "user": 7, "content_type": 15, "object_id": "14", "object_repr": "bifyygjpus", "action_flag": 3, "change_message": ""}}, {"model": "auth.permission", "pk": 1, "fields": {"name": "Can add log entry", "content_type": 1, "codename": "add_logentry"}}, {"model": "auth.permission", "pk": 2, "fields": {"name": "Can change log entry", "content_type": 1, "codename": "change_logentry"}}, {"model": "auth.permission", "pk": 3, "fields": {"name": "Can delete log entry", "content_type": 1, "codename": "delete_logentry"}}, {"model": "auth.permission", "pk": 4, "fields": {"name": "Can view log entry", "content_type": 1, "codename": "view_logentry"}}, {"model": "auth.permission", "pk": 5, "fields": {"name": "Can add permission", "content_type": 2, "codename": "add_permission"}}, {"model": "auth.permission", "pk": 6, "fields": {"name": "Can change permission", "content_type": 2, "codename": "change_permission"}}, {"model": "auth.permission", "pk": 7, "fields": {"name": "Can delete permission", "content_type": 2, "codename": "delete_permission"}}, {"model": "auth.permission", "pk": 8, "fields": {"name": "Can view permission", "content_type": 2, "codename": "view_permission"}}, {"model": "auth.permission", "pk": 9, "fields": {"name": "Can add group", "content_type": 3, "codename": "add_group"}}, {"model": "auth.permission", "pk": 10, "fields": {"name": "Can change group", "content_type": 3, "codename": "change_group"}}, {"model": "auth.permission", "pk": 11, "fields": {"name": "Can delete group", "content_type": 3, "codename": "delete_group"}}, {"model": "auth.permission", "pk": 12, "fields": {"name": "Can view group", "content_type": 3, "codename": "view_group"}}, {"model": "auth.permission", "pk": 13, "fields": {"name": "Can add content type", "content_type": 4, "codename": "add_contenttype"}}, {"model": "auth.permission", "pk": 14, "fields": {"name": "Can change content type", "content_type": 4, "codename": "change_contenttype"}}, {"model": "auth.permission", "pk": 15, "fields": {"name": "Can delete content type", "content_type": 4, "codename": "delete_contenttype"}}, {"model": "auth.permission", "pk": 16, "fields": {"name": "Can view content type", "content_type": 4, "codename": "view_contenttype"}}, {"model": "auth.permission", "pk": 17, "fields": {"name": "Can add session", "content_type": 5, "codename": "add_session"}}, {"model": "auth.permission", "pk": 18, "fields": {"name": "Can change session", "content_type": 5, "codename": "change_session"}}, {"model": "auth.permission", "pk": 19, "fields": {"name": "Can delete session", "content_type": 5, "codename": "delete_session"}}, {"model": "auth.permission", "pk": 20, "fields": {"name": "Can view session", "content_type": 5, "codename": "view_session"}}, {"model": "auth.permission", "pk": 21, "fields": {"name": "Can add user", "content_type": 6, "codename": "add_user"}}, {"model": "auth.permission", "pk": 22, "fields": {"name": "Can change user", "content_type": 6, "codename": "change_user"}}, {"model": "auth.permission", "pk": 23, "fields": {"name": "Can delete user", "content_type": 6, "codename": "delete_user"}}, {"model": "auth.permission", "pk": 24, "fields": {"name": "Can view user", "content_type": 6, "codename": "view_user"}}, {"model": "auth.permission", "pk": 25, "fields": {"name": "Can add profile", "content_type": 7, "codename": "add_profile"}}, {"model": "auth.permission", "pk": 26, "fields": {"name": "Can change profile", "content_type": 7, "codename": "change_profile"}}, {"model": "auth.permission", "pk": 27, "fields": {"name": "Can delete profile", "content_type": 7, "codename": "delete_profile"}}, {"model": "auth.permission", "pk": 28, "fields": {"name": "Can view profile", "content_type": 7, "codename": "view_profile"}}, {"model": "auth.permission", "pk": 29, "fields": {"name": "Can add tag", "content_type": 8, "codename": "add_tag"}}, {"model": "auth.permission", "pk": 30, "fields": {"name": "Can change tag", "content_type": 8, "codename": "change_tag"}}, {"model": "auth.permission", "pk": 31, "fields": {"name": "Can delete tag", "content_type": 8, "codename": "delete_tag"}}, {"model": "auth.permission", "pk": 32, "fields": {"name": "Can view tag", "content_type": 8, "codename": "view_tag"}}, {"model": "auth.permission", "pk": 33, "fields": {"name": "Can add tagged item", "content_type": 9, "codename": "add_taggeditem"}}, {"model": "auth.permission", "pk": 34, "fields": {"name": "Can change tagged item", "content_type": 9, "codename": "change_taggeditem"}}, {"model": "auth.permission", "pk": 35, "fields": {"name": "Can delete tagged item", "content_type": 9, "codename": "delete_taggeditem"}}, {"model": "auth.permission", "pk": 36, "fields": {"name": "Can view tagged item", "content_type": 9, "codename": "view_taggeditem"}}, {"model": "auth.permission", "pk": 37, "fields": {"name": "Can add PayPal IPN", "content_type": 10, "codename": "add_paypalipn"}}, {"model": "auth.permission", "pk": 38, "fields": {"name": "Can change PayPal IPN", "content_type": 10, "codename": "change_paypalipn"}}, {"model": "auth.permission", "pk": 39, "fields": {"name": "Can delete PayPal IPN", "content_type": 10, "codename": "delete_paypalipn"}}, {"model": "auth.permission", "pk": 40, "fields": {"name": "Can view PayPal IPN", "content_type": 10, "codename": "view_paypalipn"}}, {"model": "auth.permission", "pk": 41, "fields": {"name": "Can add captcha store", "content_type": 11, "codename": "add_captchastore"}}, {"model": "auth.permission", "pk": 42, "fields": {"name": "Can change captcha store", "content_type": 11, "codename": "change_captchastore"}}, {"model": "auth.permission", "pk": 43, "fields": {"name": "Can delete captcha store", "content_type": 11, "codename": "delete_captchastore"}}, {"model": "auth.permission", "pk": 44, "fields": {"name": "Can view captcha store", "content_type": 11, "codename": "view_captchastore"}}, {"model": "auth.permission", "pk": 45, "fields": {"name": "Can add room services", "content_type": 12, "codename": "add_roomservices"}}, {"model": "auth.permission", "pk": 46, "fields": {"name": "Can change room services", "content_type": 12, "codename": "change_roomservices"}}, {"model": "auth.permission", "pk": 47, "fields": {"name": "Can delete room services", "content_type": 12, "codename": "delete_roomservices"}}, {"model": "auth.permission", "pk": 48, "fields": {"name": "Can view room services", "content_type": 12, "codename": "view_roomservices"}}, {"model": "auth.permission", "pk": 49, "fields": {"name": "Can add hotel", "content_type": 13, "codename": "add_hotel"}}, {"model": "auth.permission", "pk": 50, "fields": {"name": "Can change hotel", "content_type": 13, "codename": "change_hotel"}}, {"model": "auth.permission", "pk": 51, "fields": {"name": "Can delete hotel", "content_type": 13, "codename": "delete_hotel"}}, {"model": "auth.permission", "pk": 52, "fields": {"name": "Can view hotel", "content_type": 13, "codename": "view_hotel"}}, {"model": "auth.permission", "pk": 53, "fields": {"name": "Can add booking detail", "content_type": 14, "codename": "add_bookingdetail"}}, {"model": "auth.permission", "pk": 54, "fields": {"name": "Can change booking detail", "content_type": 14, "codename": "change_bookingdetail"}}, {"model": "auth.permission", "pk": 55, "fields": {"name": "Can delete booking detail", "content_type": 14, "codename": "delete_bookingdetail"}}, {"model": "auth.permission", "pk": 56, "fields": {"name": "Can view booking detail", "content_type": 14, "codename": "view_bookingdetail"}}, {"model": "auth.permission", "pk": 57, "fields": {"name": "Can add booking", "content_type": 15, "codename": "add_booking"}}, {"model": "auth.permission", "pk": 58, "fields": {"name": "Can change booking", "content_type": 15, "codename": "change_booking"}}, {"model": "auth.permission", "pk": 59, "fields": {"name": "Can delete booking", "content_type": 15, "codename": "delete_booking"}}, {"model": "auth.permission", "pk": 60, "fields": {"name": "Can view booking", "content_type": 15, "codename": "view_booking"}}, {"model": "auth.permission", "pk": 61, "fields": {"name": "Can add room", "content_type": 16, "codename": "add_room"}}, {"model": "auth.permission", "pk": 62, "fields": {"name": "Can change room", "content_type": 16, "codename": "change_room"}}, {"model": "auth.permission", "pk": 63, "fields": {"name": "Can delete room", "content_type": 16, "codename": "delete_room"}}, {"model": "auth.permission", "pk": 64, "fields": {"name": "Can view room", "content_type": 16, "codename": "view_room"}}, {"model": "auth.permission", "pk": 65, "fields": {"name": "Can add hotel gallery", "content_type": 17, "codename": "add_hotelgallery"}}, {"model": "auth.permission", "pk": 66, "fields": {"name": "Can change hotel gallery", "content_type": 17, "codename": "change_hotelgallery"}}, {"model": "auth.permission", "pk": 67, "fields": {"name": "Can delete hotel gallery", "content_type": 17, "codename": "delete_hotelgallery"}}, {"model": "auth.permission", "pk": 68, "fields": {"name": "Can view hotel gallery", "content_type": 17, "codename": "view_hotelgallery"}}, {"model": "auth.permission", "pk": 69, "fields": {"name": "Can add guest", "content_type": 18, "codename": "add_guest"}}, {"model": "auth.permission", "pk": 70, "fields": {"name": "Can change guest", "content_type": 18, "codename": "change_guest"}}, {"model": "auth.permission", "pk": 71, "fields": {"name": "Can delete guest", "content_type": 18, "codename": "delete_guest"}}, {"model": "auth.permission", "pk": 72, "fields": {"name": "Can view guest", "content_type": 18, "codename": "view_guest"}}, {"model": "auth.permission", "pk": 73, "fields": {"name": "Can add hotel features", "content_type": 19, "codename": "add_hotelfeatures"}}, {"model": "auth.permission", "pk": 74, "fields": {"name": "Can change hotel features", "content_type": 19, "codename": "change_hotelfeatures"}}, {"model": "auth.permission", "pk": 75, "fields": {"name": "Can delete hotel features", "content_type": 19, "codename": "delete_hotelfeatures"}}, {"model": "auth.permission", "pk": 76, "fields": {"name": "Can view hotel features", "content_type": 19, "codename": "view_hotelfeatures"}}, {"model": "auth.permission", "pk": 77, "fields": {"name": "Can add hotel fa qs", "content_type": 20, "codename": "add_hotelfaqs"}}, {"model": "auth.permission", "pk": 78, "fields": {"name": "Can change hotel fa qs", "content_type": 20, "codename": "change_hotelfaqs"}}, {"model": "auth.permission", "pk": 79, "fields": {"name": "Can delete hotel fa qs", "content_type": 20, "codename": "delete_hotelfaqs"}}, {"model": "auth.permission", "pk": 80, "fields": {"name": "Can view hotel fa qs", "content_type": 20, "codename": "view_hotelfaqs"}}, {"model": "auth.permission", "pk": 81, "fields": {"name": "Can add room type", "content_type": 21, "codename": "add_roomtype"}}, {"model": "auth.permission", "pk": 82, "fields": {"name": "Can change room type", "content_type": 21, "codename": "change_roomtype"}}, {"model": "auth.permission", "pk": 83, "fields": {"name": "Can delete room type", "content_type": 21, "codename": "delete_roomtype"}}, {"model": "auth.permission", "pk": 84, "fields": {"name": "Can view room type", "content_type": 21, "codename": "view_roomtype"}}, {"model": "auth.permission", "pk": 85, "fields": {"name": "Can add activity log", "content_type": 22, "codename": "add_activitylog"}}, {"model": "auth.permission", "pk": 86, "fields": {"name": "Can change activity log", "content_type": 22, "codename": "change_activitylog"}}, {"model": "auth.permission", "pk": 87, "fields": {"name": "Can delete activity log", "content_type": 22, "codename": "delete_activitylog"}}, {"model": "auth.permission", "pk": 88, "fields": {"name": "Can view activity log", "content_type": 22, "codename": "view_activitylog"}}, {"model": "auth.permission", "pk": 89, "fields": {"name": "Can add staff on duty", "content_type": 23, "codename": "add_staffonduty"}}, {"model": "auth.permission", "pk": 90, "fields": {"name": "Can change staff on duty", "content_type": 23, "codename": "change_staffonduty"}}, {"model": "auth.permission", "pk": 91, "fields": {"name": "Can delete staff on duty", "content_type": 23, "codename": "delete_staffonduty"}}, {"model": "auth.permission", "pk": 92, "fields": {"name": "Can view staff on duty", "content_type": 23, "codename": "view_staffonduty"}}, {"model": "auth.permission", "pk": 93, "fields": {"name": "Can add coupon", "content_type": 24, "codename": "add_coupon"}}, {"model": "auth.permission", "pk": 94, "fields": {"name": "Can change coupon", "content_type": 24, "codename": "change_coupon"}}, {"model": "auth.permission", "pk": 95, "fields": {"name": "Can delete coupon", "content_type": 24, "codename": "delete_coupon"}}, {"model": "auth.permission", "pk": 96, "fields": {"name": "Can view coupon", "content_type": 24, "codename": "view_coupon"}}, {"model": "auth.permission", "pk": 97, "fields": {"name": "Can add coupon users", "content_type": 25, "codename": "add_couponusers"}}, {"model": "auth.permission", "pk": 98, "fields": {"name": "Can change coupon users", "content_type": 25, "codename": "change_couponusers"}}, {"model": "auth.permission", "pk": 99, "fields": {"name": "Can delete coupon users", "content_type": 25, "codename": "delete_couponusers"}}, {"model": "auth.permission", "pk": 100, "fields": {"name": "Can view coupon users", "content_type": 25, "codename": "view_couponusers"}}, {"model": "auth.permission", "pk": 101, "fields": {"name": "Can add notification", "content_type": 26, "codename": "add_notification"}}, {"model": "auth.permission", "pk": 102, "fields": {"name": "Can change notification", "content_type": 26, "codename": "change_notification"}}, {"model": "auth.permission", "pk": 103, "fields": {"name": "Can delete notification", "content_type": 26, "codename": "delete_notification"}}, {"model": "auth.permission", "pk": 104, "fields": {"name": "Can view notification", "content_type": 26, "codename": "view_notification"}}, {"model": "auth.permission", "pk": 105, "fields": {"name": "Can add bookmark", "content_type": 27, "codename": "add_bookmark"}}, {"model": "auth.permission", "pk": 106, "fields": {"name": "Can change bookmark", "content_type": 27, "codename": "change_bookmark"}}, {"model": "auth.permission", "pk": 107, "fields": {"name": "Can delete bookmark", "content_type": 27, "codename": "delete_bookmark"}}, {"model": "auth.permission", "pk": 108, "fields": {"name": "Can view bookmark", "content_type": 27, "codename": "view_bookmark"}}, {"model": "auth.permission", "pk": 109, "fields": {"name": "Can add review", "content_type": 28, "codename": "add_review"}}, {"model": "auth.permission", "pk": 110, "fields": {"name": "Can change review", "content_type": 28, "codename": "change_review"}}, {"model": "auth.permission", "pk": 111, "fields": {"name": "Can delete review", "content_type": 28, "codename": "delete_review"}}, {"model": "auth.permission", "pk": 112, "fields": {"name": "Can view review", "content_type": 28, "codename": "view_review"}}, {"model": "contenttypes.contenttype", "pk": 1, "fields": {"app_label": "admin", "model": "logentry"}}, {"model": "contenttypes.contenttype", "pk": 2, "fields": {"app_label": "auth", "model": "permission"}}, {"model": "contenttypes.contenttype", "pk": 3, "fields": {"app_label": "auth", "model": "group"}}, {"model": "contenttypes.contenttype", "pk": 4, "fields": {"app_label": "contenttypes", "model": "contenttype"}}, {"model": "contenttypes.contenttype", "pk": 5, "fields": {"app_label": "sessions", "model": "session"}}, {"model": "contenttypes.contenttype", "pk": 6, "fields": {"app_label": "userauths", "model": "user"}}, {"model": "contenttypes.contenttype", "pk": 7, "fields": {"app_label": "userauths", "model": "profile"}}, {"model": "contenttypes.contenttype", "pk": 8, "fields": {"app_label": "taggit", "model": "tag"}}, {"model": "contenttypes.contenttype", "pk": 9, "fields": {"app_label": "taggit", "model": "taggeditem"}}, {"model": "contenttypes.contenttype", "pk": 10, "fields": {"app_label": "ipn", "model": "paypalipn"}}, {"model": "contenttypes.contenttype", "pk": 11, "fields": {"app_label": "captcha", "model": "captchastore"}}, {"model": "contenttypes.contenttype", "pk": 12, "fields": {"app_label": "hotel", "model": "roomservices"}}, {"model": "contenttypes.contenttype", "pk": 13, "fields": {"app_label": "hotel", "model": "hotel"}}, {"model": "contenttypes.contenttype", "pk": 14, "fields": {"app_label": "hotel", "model": "bookingdetail"}}, {"model": "contenttypes.contenttype", "pk": 15, "fields": {"app_label": "hotel", "model": "booking"}}, {"model": "contenttypes.contenttype", "pk": 16, "fields": {"app_label": "hotel", "model": "room"}}, {"model": "contenttypes.contenttype", "pk": 17, "fields": {"app_label": "hotel", "model": "hotelgallery"}}, {"model": "contenttypes.contenttype", "pk": 18, "fields": {"app_label": "hotel", "model": "guest"}}, {"model": "contenttypes.contenttype", "pk": 19, "fields": {"app_label": "hotel", "model": "hotelfeatures"}}, {"model": "contenttypes.contenttype", "pk": 20, "fields": {"app_label": "hotel", "model": "hotelfaqs"}}, {"model": "contenttypes.contenttype", "pk": 21, "fields": {"app_label": "hotel", "model": "roomtype"}}, {"model": "contenttypes.contenttype", "pk": 22, "fields": {"app_label": "hotel", "model": "activitylog"}}, {"model": "contenttypes.contenttype", "pk": 23, "fields": {"app_label": "hotel", "model": "staffonduty"}}, {"model": "contenttypes.contenttype", "pk": 24, "fields": {"app_label": "hotel", "model": "coupon"}}, {"model": "contenttypes.contenttype", "pk": 25, "fields": {"app_label": "hotel", "model": "couponusers"}}, {"model": "contenttypes.contenttype", "pk": 26, "fields": {"app_label": "hotel", "model": "notification"}}, {"model": "contenttypes.contenttype", "pk": 27, "fields": {"app_label": "hotel", "model": "bookmark"}}, {"model": "contenttypes.contenttype", "pk": 28, "fields": {"app_label": "hotel", "model": "review"}}, {"model": "sessions.session", "pk": "2qnoqmlpbly0os385zvwgd690wgokc0r", "fields": {"session_data": ".eJxVjEEOwiAQRe_C2hCB6QAu3XsGMjBUqgaS0q6MdzckXej2v_f-WwTatxL2ntewsLgII06_W6T0zHUAflC9N5la3dYlyqHIg3Z5a5xf18P9OyjUy6jZ8GQguwQGNBLpbNHhrJ1D44iiV2fHE6hoKTJnAK8s6tmAYg-M4vMF3IU3gQ:1qQXsn:6WaHHV3bT79TrcZQljcuOW5dkX5-Yirdw8RGq6-X-Ps", "expire_date": "2023-08-14T18:44:41.659Z"}}, {"model": "sessions.session", "pk": "50k6unyf3r738t2y9alp92v8puj7l9wl", "fields": {"session_data": ".eJxVjEEOwiAQRe_C2hBgoAMu3fcMhCmDrRpISrsy3t006UK3_7333yKmfZvj3nmNSxZXAeLyu1GanlwPkB-p3pucWt3WheShyJN2ObbMr9vp_h3Mqc9HrUxAxDAobW1hZyhYAEucPDlwjspkAmjPTiMUUhoHBEbwXpeBTBafL7ZVNsU:1qdsFy:nFfA_dtSNqmM2m8Uqc6hsbq3YbdTuw4vozv36xb6QwQ", "expire_date": "2023-09-20T13:07:42.153Z"}}, {"model": "sessions.session", "pk": "563ovd2pdcbozv2s88f8vem9yxuguyxt", "fields": {"session_data": ".eJxVjEEOwiAQRe_C2pDpQKG6dN8zEGYYbNVAUtqV8e7apAvd_vfef6kQt3UKW5MlzEldlFOn340iP6TsIN1juVXNtazLTHpX9EGbHmuS5_Vw_w6m2KZvbTsb_RmJPSLAICiOhGhw6G3PPRvXIUn0ZBAsI2QDjo0BoOxNToN6fwDNBDdV:1qteds:SXFQpGkVdInjDNjfiNQThvcypSSROsJRMsa1eYEi42U", "expire_date": "2023-11-03T01:49:36.661Z"}}, {"model": "sessions.session", "pk": "56lwb2iclu9dl6t8p4y4ybw14v7mwijt", "fields": {"session_data": ".eJxVjEEOwiAQRe_C2hAGykhduu8ZyACDVA0kpV0Z765NutDtf-_9l_C0rcVvnRc_J3ERRpx-t0DxwXUH6U711mRsdV3mIHdFHrTLqSV-Xg_376BQL99aAQzWkM4mImrQ1o2GIiimHCFlCJzOUYcRs8vowGHSwQyK0aHN1rB4fwDRMTef:1qsuOF:7tsMOTtNLwhtSiGWbOMgs2nKIEy8qTSCsTnbRZxmXn0", "expire_date": "2023-11-01T00:26:23.005Z"}}, {"model": "sessions.session", "pk": "743ooamvgtxgvlt12s9fpj7vczrrngw5", "fields": {"session_data": ".eJytULtuwjAU_RXkGSI_44SRpSz9BsuPmzpg7CpxBoTy740hSOladbnSeeroPpDSU_ZqGmFQvUNHxNB-yxltrxCL4C46fqXKppiH3lTFUq3qWH0mB-G0en8VeD36ksa0lVK2NSacdyCoaTlj3IBujGBCmM7SlpEGBJGsM5jIWjKQrGlIVxtaSkcIYHOfonI6a5XMBR0fiJfjU4bw2k8W5wtGfYOF-Bh0dLvzXefdufCLPqR0U_n-XWT6xs80X5D1YK99LBqm7IDbA67fdJryhiflWdpNIa9F1vfBDfDMonmPxL-OE38eR7fT6DzPPwMAmeI:1qdsDo:hRjepkRQQ3-2ThEuXR-cuAza8JJka3bqi-RKa7OTkR8", "expire_date": "2023-09-20T13:05:28.901Z"}}, {"model": "sessions.session", "pk": "90pf8j0zub8io494ri36t3kv2dms3t3g", "fields": {"session_data": ".eJxVjEEOwiAQRe_C2hAGykhduu8ZyACDVA0kpV0Z765NutDtf-_9l_C0rcVvnRc_J3ERRpx-t0DxwXUH6U711mRsdV3mIHdFHrTLqSV-Xg_376BQL99aAQzWkM4mImrQ1o2GIiimHCFlCJzOUYcRs8vowGHSwQyK0aHN1rB4fwDRMTef:1qhD0z:MsxU3NfePNrRurcGUP1vqhuCWSSUnOtNrhMmQJ17CBo", "expire_date": "2023-09-29T17:54:01.704Z"}}, {"model": "sessions.session", "pk": "b9o3kfuuwjyoz04m7cki1syed6cu5s91", "fields": {"session_data": ".eJytkt1qwyAUgF-leN2GqFFjLwdjhbFnEI0nTdpER2IuQum7T0vLWlgvtuVGON_5-w54QkpPoVHTCINqLdoiitb3zOjqCC4l7EG7vc8q78LQmiyVZNfsmH14C93LtfZhQKPHJnXnRAohJM9xUdTAiJEFpYUBXRpGGTN1RSTFJTAsaG1yLLigIGhZ4pobkoaO0EEVWu-U1UErbw5oe0JlehofoFNO9xBXvQ3a2dVu1mG1Szy2Dt73KsyfKf0aL_D9fKOXo8sYVQ1Ux9bFiOSEbnK5ydkN-ynccx65tlMXIU0VbWcHiJ34vEZ8CR--nI9Ywkf82efyn76NEEbRif7W6b11-wch-qMQlk-E5HMhkoTwv4XwkkLn8xeZZxZp:1qdftV:f2Fx4hNJTqwripB9Q11keXpy4wzHjkH6P-36kgiilWM", "expire_date": "2023-09-19T23:55:41.768Z"}}, {"model": "sessions.session", "pk": "cu1y3lt5ebl19aat5hzr2edf87z57dh7", "fields": {"session_data": ".eJxVj81qwzAQhF-l6NyYtWRbbo6FQi-FvoHQz7pWYkvBkigl-N0ruXGbXhb2m5ll9kqETHEUKeAirCFH0pHHe6akPqMrgjlJ9-Er7V1crKqKpbqpoXrzBqfnm_ffgVGGMaebupH8iSrNKQXokWKnUKm-o7xpdatZV1OFkitGodEUBgadZgxADZwNps9HA06oo_VOGBml8OpEjldC-zJHH3H6e-BndXLGDF5kiJ_em4fXQrO6eD_v4jvONs07vCxWF8qgAsjQpVnlH_wgFJqQhfY3vimZ8J3Er0uJ1mwHWxtamusR9dm6sgJlhxoOFHbsU7znpb00adrg5rGTWbBkG7Ku6zeDNYeU:1qtSZv:JlFGFjbLlle185iDx2jqlWAQZ9WQZ1MTJlA4gq7ADME", "expire_date": "2023-11-02T12:56:43.757Z"}}, {"model": "sessions.session", "pk": "h9s0fp6m9x8rs2rz7vvldv2qaxc3yvae", "fields": {"session_data": ".eJzFkMtugzAQRX8lYp0gPzDGWWbTSFW_AfkxBCdgR2AWUcS_1xBA6aarSt1YuufOjOfOMynlEOpy6KErrUmOCU3270xJfQM3GeYq3cWn2rvQWZVOJeni9umXN9CcltofA2rZ11M3IoJzLnKEs6wCRpTIKM0UyEIxypiqNBEUF8Awp5VCmOecAqdFgatckWloDw3oYL0rjQyy9OqaHJ9x3_jUPkDz2h_Hypd0soUIPjrpzO78kGF3nnj0O-_b1f607rKie2f1xBhKEYrQDa2KEXxVKjB9NLKteXaWc80kPO6wfD_r7Zi6Bn2zLiqCCD0gcUB8xX4I71xELs3QhK3VNqYDN8txH4f_a1b8a1b8l1nH8RvRrsw4:1qeGBd:wwDUI6KBQhdIxeRuBgCvSCJWWn1lWeYc5sA6SlhZ3dk", "expire_date": "2023-09-21T14:40:49.898Z"}}, {"model": "sessions.session", "pk": "hwml69fd8zfnuq90eulf3sd3hvpvqh19", "fields": {"session_data": ".eJxVjEEOwiAQRe_C2hCB6QAu3XsGMjBUqgaS0q6MdzckXej2v_f-WwTatxL2ntewsLgII06_W6T0zHUAflC9N5la3dYlyqHIg3Z5a5xf18P9OyjUy6jZ8GQguwQGNBLpbNHhrJ1D44iiV2fHE6hoKTJnAK8s6tmAYg-M4vMF3IU3gQ:1qQSdm:q7Ib02mtN2b6u0UX-W35R4OXgVMONtiZd7ii2__P7Xo", "expire_date": "2023-08-14T13:08:50.764Z"}}, {"model": "sessions.session", "pk": "qge55x6l97b9hn5kij44jiuzuxq7qje7", "fields": {"session_data": ".eJxVjEEOwiAQRe_C2hAGykhduu8ZyACDVA0kpV0Z765NutDtf-_9l_C0rcVvnRc_J3ERRpx-t0DxwXUH6U711mRsdV3mIHdFHrTLqSV-Xg_376BQL99aAQzWkM4mImrQ1o2GIiimHCFlCJzOUYcRs8vowGHSwQyK0aHN1rB4fwDRMTef:1qlYno:rJDGg-QGvvUB839CsE3BZQtiYU9EZobRDxgQFqGi1kc", "expire_date": "2023-10-11T17:58:24.025Z"}}, {"model": "sessions.session", "pk": "qsib28stqy7quz2uerixp8bimzxqtnrc", "fields": {"session_data": ".eJxVjEEOwiAQRe_C2hBgoAMu3fcMhCmDrRpISrsy3t006UK3_7333yKmfZvj3nmNSxZXAeLyu1GanlwPkB-p3pucWt3WheShyJN2ObbMr9vp_h3Mqc9HrUxAxDAobW1hZyhYAEucPDlwjspkAmjPTiMUUhoHBEbwXpeBTBafL7ZVNsU:1qglww:YN0zbwIpiR_gkpMLkPb0_rF5s-n2N_cAsrUvLFBZ7FQ", "expire_date": "2023-09-28T13:00:02.791Z"}}, {"model": "sessions.session", "pk": "rlpwq933mh75kdkcq6bzexlqp34oyqju", "fields": {"session_data": ".eJxVjMEOwiAQRP-FsyFdhJT16N1vIMDuStXQpLQn479Lkx40mdO8N_NWIW5rCVvjJUykLsqq02-XYn5y3QE9Yr3POs91Xaakd0UftOnbTPy6Hu7fQYmt9PUZ0SNxBjS2R4ZMCOw9GrDGeQCwLglIQgYEGu3IA2bHJNIJifp8Ab7yN2c:1qNue6:bSy45TqPLXp1arnVC8JKFzT4JiILgrY2eGINKBhNAng", "expire_date": "2023-08-07T12:26:38.207Z"}}, {"model": "sessions.session", "pk": "szuigo9d8hkwv3cgznirtx6c645n3ey9", "fields": {"session_data": ".eJzFksuOwiAUhl_FsNaGSymtSzdjMplnaLicWrSCaenCGN99wLYTZ-NiMokbkvP95wBf4IZqOYa2Hgfoa2vQFjG0fmZK6hO4FJijdAefae9Cb1WWWrI5HbIvb6Dbzb2_Nmjl0KZpTCshRFVgkucNcKqqnLFcgSwVZ5yrRtOKkRI4EaxRmIhCMBCsLElTKJo2HaADHax3tZFB1l4d0faGCElr6wN0kwCJrVPp5Bki-OilM6v9VYbVPvGY996fl_jTusOCLr3ViXGcYRyhG88qOvimVmCGGOQ_w48kkmIh4XqB-fhHPV0mlboFfbIulhRTtsHVBhcL9mN45mXk0oxdhDR12M70ECfZfY0Ifq8pf22K_2yKKHp2jV8w2rL3yrKXsuy_XvV-_waaJBJI:1qdxiN:2L5tqHjjyPZEJCsW-inTJaP6tvBRSV5Zwjbh2q4H6cA", "expire_date": "2023-09-20T18:57:23.461Z"}}, {"model": "sessions.session", "pk": "us8cb5xt4djajyvq7railuzp9fbb2yl1", "fields": {"session_data": ".eJxVjMsOwiAQRf-FtSEgDA-X7vsNZGBAqgaS0q6M_65NutDtPefcFwu4rTVsIy9hJnZhlp1-t4jpkdsO6I7t1nnqbV3myHeFH3TwqVN-Xg_376DiqN8aJChZPBFlbUyBgiYiopDgvRBagAGtPUR7VhYjobPaCiuSccWBImLvD9fhN04:1soT48:4EtFbo_r6oZl0im-FBkECNQOc8svvIso1z5jgGxcF3Q", "expire_date": "2024-09-25T19:31:48.538Z"}}, {"model": "sessions.session", "pk": "vsvmahs5oay1x2afplaebn3cxfvwkzrv", "fields": {"session_data": ".eJxVjMsOwiAQRf-FtSEgDA-X7vsNZGBAqgaS0q6M_65NutDtPefcFwu4rTVsIy9hJnZhlp1-t4jpkdsO6I7t1nnqbV3myHeFH3TwqVN-Xg_376DiqN8aJChZPBFlbUyBgiYiopDgvRBagAGtPUR7VhYjobPaCiuSccWBImLvD9fhN04:1sxtix:J74A3AE1L2EMEWacfE7YUF8n1e3Rf8eI2S1XBSiHMqM", "expire_date": "2024-10-21T19:48:55.733Z"}}, {"model": "sessions.session", "pk": "wgo9bbwyzh3vxq3qb8zxs22fcrwrnxcy", "fields": {"session_data": ".eJxVjEEOwiAQRe_C2hBgoAMu3fcMhCmDrRpISrsy3t006UK3_7333yKmfZvj3nmNSxZXAeLyu1GanlwPkB-p3pucWt3WheShyJN2ObbMr9vp_h3Mqc9HrUxAxDAobW1hZyhYAEucPDlwjspkAmjPTiMUUhoHBEbwXpeBTBafL7ZVNsU:1qeaeA:PRkIZXwNPHlM6YDASmbxbdNNS3OtgzDxQfc0FjjQCTg", "expire_date": "2023-09-22T12:31:38.252Z"}}, {"model": "sessions.session", "pk": "wgq4mmfcnmsym8r7t0h82h4jws3r5q1c", "fields": {"session_data": "e30:1qNu1B:7guNsz_DHXrZ3aC-W-uetJqsApky4dcnsQypeX1yWts", "expire_date": "2023-08-07T11:46:25.203Z"}}, {"model": "sessions.session", "pk": "wkm54q63yic7yiwmyj0y2l7mpa48mn0q", "fields": {"session_data": ".eJxVjMsOwiAQRf-FtSEgDA-X7vsNZGBAqgaS0q6M_65NutDtPefcFwu4rTVsIy9hJnZhlp1-t4jpkdsO6I7t1nnqbV3myHeFH3TwqVN-Xg_376DiqN8aJChZPBFlbUyBgiYiopDgvRBagAGtPUR7VhYjobPaCiuSccWBImLvD9fhN04:1syFnk:9H6mLyoFmew4_wO535X04RPc7yWLhRIUZkQjlhbb4_Q", "expire_date": "2024-10-22T19:23:20.398Z"}}, {"model": "sessions.session", "pk": "y1agkk5lli2r0q4i18tj316o3h8zhihx", "fields": {"session_data": ".eJzFkMuOgjAUhl_FsFbSC6XU5WzGZDLPQHo5SBVbA2VhjO8-BdE4G1YkbJqc7z89PV_vSSn7UJd9B21pTbJPaLL9ZErqM7ghMCfpjj7V3oXWqnRoSae0S3-9geZr6v03oJZdPdxGRHDORY5wllXAiBIZpZkCWShGGVOVJoLiAhjmtFII85xT4LQocJUrMgztoAEdrHelkUGWXp2S_T3uG4_aB2ie--PY-SydvEAE3610ZnO4ybA5DDzmrfeXV_xj3fGFrq3VA2MoRShC119UVPBVqcB0Mcjel8dk-q6RhNsVpufH-v2ZugZ9ti5WBBG6Q2KH8hf2ffjkReTS9M0Ixx7bmBbcOOmxjWxVVzLrSpZ1Feu6ZrOuYllXjNaVZbOyGC1si9e1zedt8ZK2j8cfbl-gBg:1qdx3p:qhxffPpeiHFNd51rvaU7_8QxVCxUShHPBRU8HN8TGwU", "expire_date": "2023-09-20T18:15:29.581Z"}}, {"model": "hotel.hotel", "pk": 1, "fields": {"user": 3, "name": "Grand Hyat Hotel", "description": "<div class=\"hotel_description_review_display\" style=\"-webkit-text-stroke-width:0px;color:rgb(38, 38, 38);font-family:BlinkMacSystemFont, -apple-system, &quot;Segoe UI&quot;, Roboto, Helvetica, Arial, sans-serif;font-size:14px;font-style:normal;font-variant-caps:normal;font-variant-ligatures:normal;font-weight:400;letter-spacing:normal;orphans:2;scroll-behavior:auto !important;text-align:start;text-decoration-color:initial;text-decoration-style:initial;text-decoration-thickness:initial;text-indent:0px;text-transform:none;white-space:normal;widows:2;word-spacing:0px;\" data-et-view=\"\" id=\"summary\"><div style=\"scroll-behavior:auto !important;\" id=\"property_description_content\"><div style=\"scroll-behavior:auto !important;\" data-capla-namespace=\"b-property-web-property-pageYTObdRIC\" data-capla-component=\"b-property-web-property-page/PropertyDescriptionDesktop\"><p class=\"db29ecfbe2 b3efd73f69\" style=\"font-family:var(--bui_font_body_2_font-family);font-size:var(--bui_font_body_2_font-size);font-weight:var(--bui_font_body_2_font-weight);line-height:var(--bui_font_body_2_line-height);margin-block:0px;scroll-behavior:auto !important;white-space:pre-wrap;\"><span style=\"background-color:hsl(0, 75%, 60%);\"><i><strong>The Smart Holiday Homes</strong></i> </span>provides accommodations in Dubai. The homestay features rooms with air conditioning, free private parking, and free Wifi. At the homestay, each unit is equipped with a balcony. There's also a fridge, kitchenware, and a kettle. At the homestay, every unit comes with a wardrobe and a private bathroom.</p></div><p style=\"margin-block-end:0px;scroll-behavior:auto !important;\">&nbsp;</p></div></div><p class=\"summary hotel_meta_style\" style=\"-webkit-text-stroke-width:0px;color:rgb(38, 38, 38);font-family:BlinkMacSystemFont, -apple-system, &quot;Segoe UI&quot;, Roboto, Helvetica, Arial, sans-serif;font-size:14px;font-style:normal;font-variant-caps:normal;font-variant-ligatures:normal;font-weight:400;letter-spacing:normal;line-height:1.4;margin:0px;orphans:2;padding:0px;scroll-behavior:auto !important;text-align:start;text-decoration-color:initial;text-decoration-style:initial;text-decoration-thickness:initial;text-indent:0px;text-transform:none;white-space:normal;widows:2;word-spacing:0px;\">&nbsp;</p><p><span style=\"color:rgb(38,38,38);\"><span class=\"hp-desc-highlighted\" style=\"-webkit-text-stroke-width:0px;font-family:BlinkMacSystemFont, -apple-system, &quot;Segoe UI&quot;, Roboto, Helvetica, Arial, sans-serif;font-size:14px;font-style:normal;font-variant-caps:normal;font-variant-ligatures:normal;letter-spacing:normal;orphans:2;scroll-behavior:auto !important;text-align:start;text-decoration-color:initial;text-decoration-style:initial;text-decoration-thickness:initial;text-indent:0px;text-transform:none;white-space:normal;widows:2;word-spacing:0px;\"><strong>The Smart Holiday Homes has been welcoming Booking.com guests since Jul 29, 2023</strong></span></span></p><p style=\"-webkit-text-stroke-width:0px;color:rgb(38, 38, 38);font-family:BlinkMacSystemFont, -apple-system, &quot;Segoe UI&quot;, Roboto, Helvetica, Arial, sans-serif;font-size:14px;font-style:normal;font-variant-caps:normal;font-variant-ligatures:normal;font-weight:400;letter-spacing:normal;orphans:2;scroll-behavior:auto !important;text-align:start;text-decoration-color:initial;text-decoration-style:initial;text-decoration-thickness:initial;text-indent:0px;text-transform:none;white-space:normal;widows:2;word-spacing:0px;\">Distance in property description is calculated using  OpenStreetMap</p>", "image": "hotel_gallery/220803-compasshotel-medford-pool-73868-1677873697.jpg", "address": "F06,CHINA HOME, International City.4th floor, Dubai, United Arab Emirates", "mobile": "1234567890", "email": "grandhyat@gmail.com", "status": "Live", "views": 0, "featured": true, "hid": "zljkykcypp", "slug": "grand-hyat-hotel", "date": "2023-07-31T14:26:58.688Z"}}, {"model": "hotel.hotel", "pk": 2, "fields": {"user": 5, "name": "ABAR HOTEL APARTMENTS", "description": "<div class=\"hotel_description_review_display\" style=\"-webkit-text-stroke-width:0px;color:rgb(38, 38, 38);font-family:BlinkMacSystemFont, -apple-system, &quot;Segoe UI&quot;, Roboto, Helvetica, Arial, sans-serif;font-size:14px;font-style:normal;font-variant-caps:normal;font-variant-ligatures:normal;font-weight:400;letter-spacing:normal;orphans:2;scroll-behavior:auto !important;text-align:start;text-decoration-color:initial;text-decoration-style:initial;text-decoration-thickness:initial;text-indent:0px;text-transform:none;white-space:normal;widows:2;word-spacing:0px;\" data-et-view=\"\" id=\"summary\"><div style=\"scroll-behavior:auto !important;\" id=\"property_description_content\"><p style=\"margin-block-start:0px;scroll-behavior:auto !important;\"><i><strong><u>You're eligible for a Genius discount at ABAR HOTEL APARTMENTS DIP-1! To save at this property, all you have to do is </u></strong></i><a class=\"bui-link\" style=\"box-sizing:border-box;color:var(--bui_color_action_foreground);cursor:pointer;display:inline;scroll-behavior:auto !important;\" href=\"https://account.booking.com/auth/oauth2?aid=304142&amp;lang=en-us&amp;state=UrcFXd3L80PIpVtVqUPuNRFAvMWegO2pp1lNo23aNpheGoEQ8fD4dfr898cwr4OxGRU24_bls6FGWh-g_2ndvGFYoDwkLTTmqJWafJvvrNifDFNtk0JZZUu7KXonPSvELsZHJJhfzD24-SvCFZfrin9bgfFSrABPN99vg02KWB1YtmXO4bqO5RH0z7gj-uuCezjn6ZwN1CdHE5A3ra9kf7dxKscT1JyeQGmRhIPLqDk-ZduwskA27v8wDygjPCkduBz9jnjYbid-UjIa1kpWQLz7doZkk2Se0mlFTxmjljSLeux4jmSfmnjiJbPx3_exg4rdK45CiPE-CfxTBTAcPhO1ZK5gonTE4aXntfueZNPSO10Yfe5KI7mGfuTg-f5WeT5awHomDY5EuQzXu4Wm6-UgFyyf3gyDXSbHh3YckocSB-d3go_cUZzBeEVG3VLL-04RkwffaWoAhFvZ7i98tI_PzvHlYCPDLb1FR_uMnIF6rqNxYNBuRdJ_kEx48yr2OaV1rxO-er4ixHYHJPi6rbNefSYdmALP-9OXeNcD28BqoKvwFX5K1TFbBBLFovedlQsLjiYQN11kXaXmn-PIB1l8Kw-_ZFNof2IRRN1iS15GbO1ippqZH18zC56uepI59ZNbLalCHgXH1DNNzTN--MKDkE1vOj5yQZHIFe8MrtSWGo2HLwV_1D_0jCMApbI8Lr1PRGw6m_oKepVZ1jVHnn4xuBdr8Qwo3RdFUjnndeQ4kAR91mSo-NswAv-IvF6U65KH7uUm8CM3vPdBXGZYgb-nJIM7xrDrlGb4ELvRKPHZlyeDtkgdeFrlHMUWzz7A26b6xLpuUj6wdRWbq5a0ObebxAIbbdqihC3Q7y7rH2vu2i31qHX-mG0igFUSpBYDd3bUpW6T1qHMhnI6x90n35ffor4YSwi6mpE&amp;bkng_action=hotel&amp;response_type=code&amp;dt=1690814085&amp;redirect_uri=https%3A%2F%2Fsecure.booking.com%2Flogin.html%3Fop%3Doauth_return&amp;client_id=vO1Kblk7xX9tUn2cpZLS\" data-et-click=\"customGoal:cCHObdGUKCMedEKRbdPfIVXBPKASYeJcCcCcCC:4\"><i><strong><u>sign in</u></strong></i></a><i><strong><u>.</u></strong></i></p><div style=\"scroll-behavior:auto !important;\" data-capla-namespace=\"b-property-web-property-pageYTObdRIC\" data-capla-component=\"b-property-web-property-page/PropertyDescriptionDesktop\"><p class=\"db29ecfbe2 b3efd73f69\" style=\"font-family:var(--bui_font_body_2_font-family);font-size:var(--bui_font_body_2_font-size);font-weight:var(--bui_font_body_2_font-weight);line-height:var(--bui_font_body_2_line-height);margin-block:0px;scroll-behavior:auto !important;white-space:pre-wrap;\"><strong>ABAR HOTEL APARTMENTS DIP</strong>-1 features a sauna and spa facilities, as well as air-conditioned accommodations with free Wifi in Miami, 6.1 miles from Miami FC Stadium. There's a private entrance at the apartment for the convenience of those who stay. There's a restaurant serving American cuisine, free private parking, and an an electric vehicle charging station. The apartment provides guests with a balcony, garden views, a seating area, satellite flat-screen TV, a fully equipped kitchen with an oven and a microwave, and a private bathroom with walk-in shower and bathrobes. A toaster, a fridge, and stovetop are also available, as well as a coffee machine and a kettle. At the apartment complex, each unit includes bed linen and towels. Continental and Italian breakfast options with local specialities, fresh pastries, and pancakes are available each morning at ABAR HOTEL APARTMENTS DIP-1. There is a coffee shop, and a grocery delivery service and packed lunches are also available. For guests with children, the accommodation offers indoor and outdoor play areas. Guests can also relax in the garden, next to the rooftop pool, on the sun terrace, or in the shared lounge area. Miami FC Stadium is 6.9 miles from ABAR HOTEL APARTMENTS DIP-1, while The Skyviews Miami Ferris Wheel is 9.2 miles from the property. The nearest airport is Miami International Airport, 14 miles from the apartment, and the property offers a paid airport shuttle service.</p></div></div></div><div style=\"-webkit-text-stroke-width:0px;color:rgb(38, 38, 38);font-family:BlinkMacSystemFont, -apple-system, &quot;Segoe UI&quot;, Roboto, Helvetica, Arial, sans-serif;font-size:14px;font-style:normal;font-variant-caps:normal;font-variant-ligatures:normal;font-weight:400;letter-spacing:normal;orphans:2;scroll-behavior:auto !important;text-align:start;text-decoration-color:initial;text-decoration-style:initial;text-decoration-thickness:initial;text-indent:0px;text-transform:none;white-space:normal;widows:2;word-spacing:0px;\" data-et-view=\"eWHMbNXGDJEdeRQTeCFEDeZVXZfAcbaTaTaET:1\">&nbsp;</div><p><span style=\"color:rgb(38,38,38);\"><span class=\"hp-desc-highlighted\" style=\"-webkit-text-stroke-width:0px;font-family:BlinkMacSystemFont, -apple-system, &quot;Segoe UI&quot;, Roboto, Helvetica, Arial, sans-serif;font-size:14px;font-style:normal;font-variant-caps:normal;font-variant-ligatures:normal;letter-spacing:normal;orphans:2;scroll-behavior:auto !important;text-align:start;text-decoration-color:initial;text-decoration-style:initial;text-decoration-thickness:initial;text-indent:0px;text-transform:none;white-space:normal;widows:2;word-spacing:0px;\"><strong>ABAR HOTEL APARTMENTS DIP-1 has been welcoming Booking.com guests since Apr 5, 2021</strong></span></span></p><p style=\"-webkit-text-stroke-width:0px;color:rgb(38, 38, 38);font-family:BlinkMacSystemFont, -apple-system, &quot;Segoe UI&quot;, Roboto, Helvetica, Arial, sans-serif;font-size:14px;font-style:normal;font-variant-caps:normal;font-variant-ligatures:normal;font-weight:400;letter-spacing:normal;orphans:2;scroll-behavior:auto !important;text-align:start;text-decoration-color:initial;text-decoration-style:initial;text-decoration-thickness:initial;text-indent:0px;text-transform:none;white-space:normal;widows:2;word-spacing:0px;\">Distance in property description is calculated using  OpenStreetMap</p>", "image": "hotel_gallery/Bellagio-Hotel-Casino-Las-Vegas_P3bRrwX.webp", "address": "123 Main Street, Miami, USA", "mobile": "12345690", "email": "abar@gmail.com", "status": "Live", "views": 0, "featured": true, "hid": "bhliavqopd", "slug": "abar-hotel-apartments", "date": "2023-07-31T14:36:31.454Z"}}, {"model": "hotel.hotel", "pk": 3, "fields": {"user": 1, "name": "Hotel Bella Italia", "description": "<p>Hotel Bella Italia is a charming boutique hotel nestled in the heart of Tuscany, offering an authentic Italian experience. With elegant rooms featuring traditional decor, modern amenities, and stunning views of rolling vineyards or historic streets, the hotel provides a perfect blend of comfort and culture. Guests can enjoy fine dining at the on-site restaurant, which serves regional specialties paired with local wines. Its central location allows easy access to nearby attractions, including historic landmarks and scenic countryside. Ideal for romantic getaways or cultural escapes, Hotel Bella Italia promises a memorable stay.</p>", "image": "hotel_gallery/376785918_7gxBIU4.jpg", "address": "321 Main Street, Tuscany, Italy", "mobile": "1234567890", "email": "dylanb@gmail.com", "status": "Live", "views": 0, "featured": true, "hid": "btimcuvsrg", "slug": "Hotel-Bella-Italia", "date": "2023-10-18T14:30:34.899Z"}}, {"model": "hotel.hotel", "pk": 4, "fields": {"user": 2, "name": "Riad Al Zahara", "description": "<p>Riad Al Zahara is a luxurious hotel located in the heart of Marrakech, Morocco, offering an authentic Moroccan experience. Set within a traditional riad, the hotel features intricately designed rooms with vibrant tile work, ornate wooden carvings, and plush furnishings that reflect the rich local culture. Guests can unwind in the serene courtyard with a central fountain, relax in the rooftop terrace with panoramic views of the medina, or enjoy authentic Moroccan cuisine at the on-site restaurant. Conveniently located near famous souks and historic landmarks like the Koutoubia Mosque, Riad Al Zahara is a tranquil retreat ideal for cultural explorers and those seeking a romantic escape.</p>", "image": "hotel_gallery/232842180.jpg", "address": "123 Main Street, Marrakech, Morocco", "mobile": "00292928383", "email": "sammy@gmail.com", "status": "Live", "views": 0, "featured": true, "hid": "toicxupayh", "slug": "Riad-Al-Zahara", "date": "2023-10-18T14:37:10.359Z"}}, {"model": "hotel.hotel", "pk": 5, "fields": {"user": 7, "name": "Hotel Sol y Mar", "description": "<div class=\"hotel_description_review_display\" style=\"-webkit-text-stroke-width:0px;color:rgb(38, 38, 38);font-family:BlinkMacSystemFont, -apple-system, &quot;Segoe UI&quot;, Roboto, Helvetica, Arial, sans-serif;font-size:14px;font-style:normal;font-variant-caps:normal;font-variant-ligatures:normal;font-weight:400;letter-spacing:normal;orphans:2;text-align:start;text-decoration-color:initial;text-decoration-style:initial;text-decoration-thickness:initial;text-indent:0px;text-transform:none;white-space:normal;widows:2;word-spacing:0px;\" data-et-view=\"\" id=\"summary\"><div id=\"property_description_content\"><div data-capla-component-boundary=\"b-property-web-property-page/PropertyDescriptionDesktop\"><p class=\"a53cbfa6de b3efd73f69\" style=\"font-family:var(--bui_font_body_2_font-family);font-size:var(--bui_font_body_2_font-size);font-weight:var(--bui_font_body_2_font-weight);line-height:var(--bui_font_body_2_line-height);margin-block:0px;white-space:pre-wrap;\"><i><strong><u>Hotel Sol y Mar</u></strong></i> is a luxurious beachfront hotel located on Spain's stunning Costa del Sol. Featuring modern, spacious rooms with private balconies overlooking the Mediterranean Sea, it offers a perfect blend of relaxation and elegance. The hotel boasts a rooftop pool, a full-service spa, and several fine dining options serving both local Spanish cuisine and international dishes. Its prime location allows guests to easily explore nearby attractions, including vibrant seaside towns, cultural landmarks, and golf courses. Whether you're seeking a sun-soaked getaway or a cultural escape, Hotel Sol y Mar delivers an unforgettable experience.</p></div><p style=\"margin-block-end:0px;\">&nbsp;</p></div></div><p style=\"-webkit-text-stroke-width:0px;color:rgb(38, 38, 38);font-family:BlinkMacSystemFont, -apple-system, &quot;Segoe UI&quot;, Roboto, Helvetica, Arial, sans-serif;font-size:14px;font-style:normal;font-variant-caps:normal;font-variant-ligatures:normal;font-weight:400;letter-spacing:normal;orphans:2;text-align:start;text-decoration-color:initial;text-decoration-style:initial;text-decoration-thickness:initial;text-indent:0px;text-transform:none;white-space:normal;widows:2;word-spacing:0px;\">Distance in property description is calculated using  OpenStreetMap</p>", "image": "hotel_gallery/welcome_hotel_marburg_lobby_2k.2560x1600.jpg", "address": "123 Main Street, Costa del Sol, Spain", "mobile": "0947473947", "email": "dylanb@gmail.com", "status": "Live", "views": 0, "featured": false, "hid": "bcjimgpobs", "slug": "Hotel-Sol-y-Mar", "date": "2023-10-18T19:03:16.506Z"}}, {"model": "hotel.hotel", "pk": 6, "fields": {"user": 6, "name": "Hotel Adriatica", "description": "<p><span style=\"background-color:rgb(255,255,255);color:rgb(38,38,38);\"><i><mark class=\"pen-red\"><span style=\"-webkit-text-stroke-width:0px;display:inline !important;float:none;font-family:BlinkMacSystemFont, -apple-system, &quot;Segoe UI&quot;, Roboto, Helvetica, Arial, sans-serif;font-size:14px;font-style:normal;font-variant-caps:normal;font-variant-ligatures:normal;font-weight:400;letter-spacing:normal;orphans:2;text-align:start;text-decoration-color:initial;text-decoration-style:initial;text-decoration-thickness:initial;text-indent:0px;text-transform:none;white-space:pre-wrap;widows:2;word-spacing:0px;\"><strong><u>Hotel Adriatica</u></strong></span></mark></i><span style=\"-webkit-text-stroke-width:0px;display:inline !important;float:none;font-family:BlinkMacSystemFont, -apple-system, &quot;Segoe UI&quot;, Roboto, Helvetica, Arial, sans-serif;font-size:14px;font-style:normal;font-variant-caps:normal;font-variant-ligatures:normal;font-weight:400;letter-spacing:normal;orphans:2;text-align:start;text-decoration-color:initial;text-decoration-style:initial;text-decoration-thickness:initial;text-indent:0px;text-transform:none;white-space:pre-wrap;widows:2;word-spacing:0px;\"> is a stunning seaside hotel located along the picturesque Dalmatian Coast in Croatia. Offering modern, elegant rooms with floor-to-ceiling windows and private balconies, guests enjoy breathtaking views of the Adriatic Sea. The hotel features an infinity pool, a rooftop bar, and a restaurant serving fresh Mediterranean cuisine with local Croatian flavors. Located near charming coastal towns and historic sites like Diocletian's Palace, Hotel Adriatica is the perfect base for exploring Croatias islands, beaches, and cultural landmarks. Ideal for both relaxation and adventure, it promises a memorable Croatian getaway.</span></span></p>", "image": "hotel_gallery/220803-compasshotel-medford-pool-73868-1677873697_WmnszB0.jpg", "address": "123 Main Street, Dalmatian Coast, Croatia", "mobile": "548349583", "email": "123@gmail.com", "status": "Live", "views": 0, "featured": true, "hid": "eijrgdhplz", "slug": "Hotel-Adriatica", "date": "2023-10-19T12:51:14.167Z"}}, {"model": "hotel.hotelgallery", "pk": 1, "fields": {"hotel": 1, "image": "hotel_gallery/4906918-1481330_0_0_2200_1200_2200_1200.rc.jpg", "hgid": "beasazkreu"}}, {"model": "hotel.hotelgallery", "pk": 2, "fields": {"hotel": 1, "image": "hotel_gallery/Houghton-Hotel-3-20-scaled.jpg", "hgid": "bflhezyrpt"}}, {"model": "hotel.hotelgallery", "pk": 3, "fields": {"hotel": 1, "image": "hotel_gallery/marquis-3-min.jpg", "hgid": "edcftrjedl"}}, {"model": "hotel.hotelgallery", "pk": 4, "fields": {"hotel": 2, "image": "hotel_gallery/art-hotel-lagos-1424x802.jpg", "hgid": "btpkniclrq"}}, {"model": "hotel.hotelgallery", "pk": 5, "fields": {"hotel": 2, "image": "hotel_gallery/Bellagio-Hotel-Casino-Las-Vegas_VNLx1Ld.webp", "hgid": "berejsknsr"}}, {"model": "hotel.hotelgallery", "pk": 6, "fields": {"hotel": 2, "image": "hotel_gallery/business-suite.webp", "hgid": "tnraoxqaoj"}}, {"model": "hotel.hotelgallery", "pk": 7, "fields": {"hotel": 3, "image": "hotel_gallery/376785936_ma1Qdpi.jpg", "hgid": "bjthzngzqg"}}, {"model": "hotel.hotelgallery", "pk": 8, "fields": {"hotel": 3, "image": "hotel_gallery/376785918_LrVAOOn.jpg", "hgid": "yaylpiyhyi"}}, {"model": "hotel.hotelgallery", "pk": 9, "fields": {"hotel": 3, "image": "hotel_gallery/376785930_6M2mgwU.jpg", "hgid": "ncghihghqo"}}, {"model": "hotel.hotelgallery", "pk": 10, "fields": {"hotel": 4, "image": "hotel_gallery/321591230.jpg", "hgid": "brrknkhnnd"}}, {"model": "hotel.hotelgallery", "pk": 11, "fields": {"hotel": 4, "image": "hotel_gallery/321591222.jpg", "hgid": "btiuuhnfuq"}}, {"model": "hotel.hotelgallery", "pk": 12, "fields": {"hotel": 4, "image": "hotel_gallery/321591196.jpg", "hgid": "ubnciglyqt"}}, {"model": "hotel.hotelgallery", "pk": 13, "fields": {"hotel": 5, "image": "hotel_gallery/Liseberg_HotelCuriosa_600x600_MINT_CMSTemplate.jpg", "hgid": "pgyeaflias"}}, {"model": "hotel.hotelgallery", "pk": 14, "fields": {"hotel": 5, "image": "hotel_gallery/jw-marriott-hotel-mumbai.jpg", "hgid": "uhyejengoy"}}, {"model": "hotel.hotelgallery", "pk": 15, "fields": {"hotel": 5, "image": "hotel_gallery/1407953244000-177513283.webp", "hgid": "bfhlkrkhtu"}}, {"model": "hotel.hotelgallery", "pk": 16, "fields": {"hotel": 6, "image": "hotel_gallery/376785930_TS8GROQ.jpg", "hgid": "ejkfqppvzt"}}, {"model": "hotel.hotelgallery", "pk": 17, "fields": {"hotel": 6, "image": "hotel_gallery/376785931.jpg", "hgid": "vudiifsrou"}}, {"model": "hotel.hotelgallery", "pk": 18, "fields": {"hotel": 6, "image": "hotel_gallery/376785936_G2SGYed.jpg", "hgid": "bsmpamejsx"}}, {"model": "hotel.hotelgallery", "pk": 19, "fields": {"hotel": 6, "image": "hotel_gallery/321591222_CsMiiOM.jpg", "hgid": "buyamftqrd"}}, {"model": "hotel.hotelgallery", "pk": 20, "fields": {"hotel": 6, "image": "hotel_gallery/1407953244000-177513283_Uzaru7t.webp", "hgid": "buyaewrwe"}}, {"model": "hotel.hotelfeatures", "pk": 1, "fields": {"hotel": 1, "icon_type": "Bootstap Icons", "icon": "wifi", "name": "Free Wifi", "hfid": "vlqdqodqyd"}}, {"model": "hotel.hotelfeatures", "pk": 2, "fields": {"hotel": 1, "icon_type": "Bootstap Icons", "icon": "fan", "name": "Conditioned Air", "hfid": "smneioszcq"}}, {"model": "hotel.hotelfeatures", "pk": 3, "fields": {"hotel": 1, "icon_type": "Bootstap Icons", "icon": "cast", "name": "Movie Theater", "hfid": "cqbjepbvko"}}, {"model": "hotel.hotelfeatures", "pk": 4, "fields": {"hotel": 2, "icon_type": "Bootstap Icons", "icon": "wifi", "name": "Free Wifi", "hfid": "dxjfiquzmm"}}, {"model": "hotel.hotelfeatures", "pk": 5, "fields": {"hotel": 2, "icon_type": "Bootstap Icons", "icon": "cast", "name": "Movie Theater", "hfid": "cbqvracrsg"}}, {"model": "hotel.hotelfeatures", "pk": 6, "fields": {"hotel": 2, "icon_type": "Bootstap Icons", "icon": "fan", "name": "Air Confition", "hfid": "xnpuzgatdk"}}, {"model": "hotel.hotelfeatures", "pk": 7, "fields": {"hotel": 3, "icon_type": "Bootstap Icons", "icon": "wifi", "name": "Free Wifi", "hfid": "evibgvtxao"}}, {"model": "hotel.hotelfeatures", "pk": 8, "fields": {"hotel": 3, "icon_type": "Bootstap Icons", "icon": "cast", "name": "Conditioned Air", "hfid": "blxxmkrnld"}}, {"model": "hotel.hotelfeatures", "pk": 9, "fields": {"hotel": 3, "icon_type": "Bootstap Icons", "icon": "fan", "name": "Air Confition", "hfid": "bkuhslecbz"}}, {"model": "hotel.hotelfeatures", "pk": 10, "fields": {"hotel": 4, "icon_type": "Bootstap Icons", "icon": "wifi", "name": "Free Wifi", "hfid": "bhkyrlyylg"}}, {"model": "hotel.hotelfeatures", "pk": 11, "fields": {"hotel": 4, "icon_type": "Bootstap Icons", "icon": "cast", "name": "Conditioned Air", "hfid": "ryqdpftpbl"}}, {"model": "hotel.hotelfeatures", "pk": 12, "fields": {"hotel": 4, "icon_type": "Bootstap Icons", "icon": "fan", "name": "Air Confition", "hfid": "dpqljxdygl"}}, {"model": "hotel.hotelfeatures", "pk": 13, "fields": {"hotel": 5, "icon_type": "Bootstap Icons", "icon": "wifi", "name": "Free Wifi", "hfid": "gmrduiszfp"}}, {"model": "hotel.hotelfeatures", "pk": 14, "fields": {"hotel": 5, "icon_type": "Bootstap Icons", "icon": "fan", "name": "Conditioned Air", "hfid": "pdehvxqrme"}}, {"model": "hotel.hotelfeatures", "pk": 15, "fields": {"hotel": 5, "icon_type": "Bootstap Icons", "icon": "cast", "name": "Air Confition", "hfid": "pkseuoqovy"}}, {"model": "hotel.hotelfeatures", "pk": 16, "fields": {"hotel": 6, "icon_type": "Bootstap Icons", "icon": "wifi", "name": "Free Wifi", "hfid": "pldhqqsbfv"}}, {"model": "hotel.hotelfeatures", "pk": 17, "fields": {"hotel": 6, "icon_type": "Bootstap Icons", "icon": "cast", "name": "Conditioned Air", "hfid": "hfjrshapgx"}}, {"model": "hotel.hotelfeatures", "pk": 18, "fields": {"hotel": 6, "icon_type": "Bootstap Icons", "icon": "fan", "name": "Air Confition", "hfid": "bqgbopllfr"}}, {"model": "hotel.hotelfaqs", "pk": 1, "fields": {"hotel": 1, "question": "How can i pay?", "answer": "Pay using your debit or credit card", "date": "2023-07-31T15:27:32.323Z", "hfid": "fvibjbzdjz"}}, {"model": "hotel.hotelfaqs", "pk": 2, "fields": {"hotel": 1, "question": "Are there king rooms?", "answer": "Yes, there are exclusive king rooms", "date": "2023-07-31T19:17:54.164Z", "hfid": "bojvpotcrn"}}, {"model": "hotel.hotelfaqs", "pk": 3, "fields": {"hotel": 3, "question": "How can i pay?", "answer": "With Your Credit or Debit Card and also paypal", "date": "2023-10-18T14:30:34.920Z", "hfid": "phquqcatsi"}}, {"model": "hotel.hotelfaqs", "pk": 4, "fields": {"hotel": 3, "question": "Are there king rooms?", "answer": "Yes, there are.", "date": "2023-10-18T14:30:34.920Z", "hfid": "belkfkfamm"}}, {"model": "hotel.hotelfaqs", "pk": 5, "fields": {"hotel": 2, "question": "How can i pay?", "answer": "Pay using your debit or credit card :)", "date": "2024-09-30T13:54:40.517Z", "hfid": "ocrvkpmjlk"}}, {"model": "hotel.hotelfaqs", "pk": 6, "fields": {"hotel": 2, "question": "Are there king rooms?", "answer": "Yes, there are exclusive king rooms", "date": "2024-09-30T13:54:40.519Z", "hfid": "hbljocqcjr"}}, {"model": "hotel.hotelfaqs", "pk": 7, "fields": {"hotel": 5, "question": "How can i pay?", "answer": "Pay using your debit or credit card", "date": "2024-09-30T14:13:28.314Z", "hfid": "ftfoeegtyv"}}, {"model": "hotel.hotelfaqs", "pk": 8, "fields": {"hotel": 5, "question": "Are there king rooms?", "answer": "Yes, there are exclusive king rooms", "date": "2024-09-30T14:13:28.315Z", "hfid": "leqzttnakv"}}, {"model": "hotel.hotelfaqs", "pk": 9, "fields": {"hotel": 4, "question": "How can i pay?", "answer": "Pay using your debit or credit card", "date": "2024-09-30T14:30:46.509Z", "hfid": "cahxnxieph"}}, {"model": "hotel.hotelfaqs", "pk": 10, "fields": {"hotel": 4, "question": "Are there king rooms?", "answer": "No.", "date": "2024-09-30T14:30:46.510Z", "hfid": "jzxtcghyaa"}}, {"model": "hotel.hotelfaqs", "pk": 11, "fields": {"hotel": 6, "question": "How can i pay?", "answer": "Pay using your debit or credit card", "date": "2024-09-30T14:35:51.358Z", "hfid": "azimkyztay"}}, {"model": "hotel.roomtype", "pk": 1, "fields": {"hotel": 1, "type": "King", "price": "50.00", "number_of_beds": 4, "room_capacity": 0, "rtid": "tfallabxir", "slug": "king", "date": "2023-07-31T19:07:04.914Z"}}, {"model": "hotel.roomtype", "pk": 2, "fields": {"hotel": 1, "type": "Luxury", "price": "40.00", "number_of_beds": 3, "room_capacity": 0, "rtid": "bdhlmmosbe", "slug": "luxury", "date": "2023-07-31T19:07:04.914Z"}}, {"model": "hotel.roomtype", "pk": 3, "fields": {"hotel": 1, "type": "Economy", "price": "30.00", "number_of_beds": 2, "room_capacity": 0, "rtid": "cbvfusdbrp", "slug": "economy", "date": "2023-07-31T19:07:04.914Z"}}, {"model": "hotel.roomtype", "pk": 4, "fields": {"hotel": 1, "type": "Normal", "price": "20.00", "number_of_beds": 1, "room_capacity": 0, "rtid": "fghleglvml", "slug": "normal", "date": "2023-07-31T19:07:04.914Z"}}, {"model": "hotel.roomtype", "pk": 5, "fields": {"hotel": 3, "type": "Classic", "price": "200.00", "number_of_beds": 2, "room_capacity": 3, "rtid": "cyrddgbeia", "slug": "classic-bxle", "date": "2023-10-18T14:30:34.918Z"}}, {"model": "hotel.roomtype", "pk": 6, "fields": {"hotel": 3, "type": "Gold", "price": "400.00", "number_of_beds": 3, "room_capacity": 4, "rtid": "qbvfnvgnkq", "slug": "gold-nudw", "date": "2023-10-18T14:30:34.919Z"}}, {"model": "hotel.roomtype", "pk": 7, "fields": {"hotel": 3, "type": "Deluxe", "price": "600.00", "number_of_beds": 4, "room_capacity": 5, "rtid": "bqkyunqizi", "slug": "deluxe-fzdk", "date": "2023-10-18T14:30:34.919Z"}}, {"model": "hotel.roomtype", "pk": 8, "fields": {"hotel": 4, "type": "Low Class", "price": "29.00", "number_of_beds": 1, "room_capacity": 1, "rtid": "bcelmjggoz", "slug": "low-classf-gtv5", "date": "2023-10-18T14:37:10.374Z"}}, {"model": "hotel.roomtype", "pk": 9, "fields": {"hotel": 4, "type": "Mid Cla", "price": "59.00", "number_of_beds": 2, "room_capacity": 3, "rtid": "zajhdsfzjk", "slug": "mid-cla-nky6", "date": "2023-10-18T14:37:10.374Z"}}, {"model": "hotel.roomtype", "pk": 10, "fields": {"hotel": 4, "type": "Top Class", "price": "105.00", "number_of_beds": 5, "room_capacity": 5, "rtid": "bencuyfcgf", "slug": "top-class-bl8t", "date": "2023-10-18T14:37:10.374Z"}}, {"model": "hotel.roomtype", "pk": 11, "fields": {"hotel": 6, "type": "Basic", "price": "100.00", "number_of_beds": 1, "room_capacity": 2, "rtid": "bfjxlerryy", "slug": "basic-jq8a", "date": "2023-10-19T12:53:40.663Z"}}, {"model": "hotel.roomtype", "pk": 12, "fields": {"hotel": 6, "type": "Standard", "price": "200.00", "number_of_beds": 2, "room_capacity": 3, "rtid": "bypsbinich", "slug": "standard-zkes", "date": "2023-10-19T12:53:40.663Z"}}, {"model": "hotel.roomtype", "pk": 13, "fields": {"hotel": 6, "type": "Pemium", "price": "300.00", "number_of_beds": 5, "room_capacity": 5, "rtid": "cqzkgcfnvv", "slug": "pemium-pzws", "date": "2023-10-19T12:53:40.664Z"}}, {"model": "hotel.roomtype", "pk": 14, "fields": {"hotel": 2, "type": "King", "price": "250.50", "number_of_beds": 3, "room_capacity": 0, "rtid": "cdmtgumczj", "slug": "king-cqad", "date": "2024-09-30T13:54:40.513Z"}}, {"model": "hotel.roomtype", "pk": 15, "fields": {"hotel": 2, "type": "Luxury", "price": "145.50", "number_of_beds": 2, "room_capacity": 0, "rtid": "jzyuvkkkrm", "slug": "luxury-nfso", "date": "2024-09-30T13:54:40.515Z"}}, {"model": "hotel.roomtype", "pk": 16, "fields": {"hotel": 2, "type": "Economy", "price": "50.80", "number_of_beds": 1, "room_capacity": 0, "rtid": "vuoxgguilo", "slug": "economy-jh2b", "date": "2024-09-30T13:54:40.516Z"}}, {"model": "hotel.roomtype", "pk": 17, "fields": {"hotel": 5, "type": "Luxury", "price": "550.55", "number_of_beds": 2, "room_capacity": 0, "rtid": "zrytujvkxn", "slug": "luxury-vvqu", "date": "2024-09-30T14:13:28.312Z"}}, {"model": "hotel.roomtype", "pk": 18, "fields": {"hotel": 5, "type": "King", "price": "200.55", "number_of_beds": 3, "room_capacity": 0, "rtid": "dqszikyvqs", "slug": "king-hiwh", "date": "2024-09-30T14:13:28.313Z"}}, {"model": "hotel.roomtype", "pk": 19, "fields": {"hotel": 5, "type": "Economy", "price": "100.55", "number_of_beds": 3, "room_capacity": 0, "rtid": "nbzmkzulev", "slug": "economy-zve9", "date": "2024-09-30T14:13:28.313Z"}}, {"model": "hotel.room", "pk": 1, "fields": {"hotel": 1, "room_type": 1, "room_number": "1", "is_available": true, "rid": "lmjkfksith", "date": "2023-07-31T19:11:35.107Z"}}, {"model": "hotel.room", "pk": 2, "fields": {"hotel": 1, "room_type": 1, "room_number": "2", "is_available": true, "rid": "bcehvmpmzt", "date": "2023-07-31T19:11:35.107Z"}}, {"model": "hotel.room", "pk": 3, "fields": {"hotel": 1, "room_type": 1, "room_number": "3", "is_available": true, "rid": "brnfhdjjsn", "date": "2023-07-31T19:11:35.107Z"}}, {"model": "hotel.room", "pk": 4, "fields": {"hotel": 1, "room_type": 2, "room_number": "1", "is_available": true, "rid": "yfvpuyncoq", "date": "2023-07-31T19:11:35.107Z"}}, {"model": "hotel.room", "pk": 5, "fields": {"hotel": 1, "room_type": 2, "room_number": "2", "is_available": true, "rid": "yfvpterwrtg", "date": "2023-07-31T19:11:35.107Z"}}, {"model": "hotel.room", "pk": 6, "fields": {"hotel": 1, "room_type": 3, "room_number": "1", "is_available": true, "rid": "balmuesjnj", "date": "2023-07-31T19:17:18.941Z"}}, {"model": "hotel.room", "pk": 7, "fields": {"hotel": 1, "room_type": 3, "room_number": "2", "is_available": true, "rid": "bosspjryuf", "date": "2023-07-31T19:17:18.941Z"}}, {"model": "hotel.room", "pk": 8, "fields": {"hotel": 1, "room_type": 3, "room_number": "3", "is_available": true, "rid": "bbgyeshjhr", "date": "2023-07-31T19:17:18.941Z"}}, {"model": "hotel.room", "pk": 9, "fields": {"hotel": 1, "room_type": 1, "room_number": "4", "is_available": true, "rid": "casijyzbgx", "date": "2023-09-05T21:18:19.902Z"}}, {"model": "hotel.room", "pk": 10, "fields": {"hotel": 1, "room_type": 1, "room_number": "5", "is_available": true, "rid": "cahrhdzhtl", "date": "2023-09-05T21:18:19.906Z"}}, {"model": "hotel.room", "pk": 11, "fields": {"hotel": 1, "room_type": 1, "room_number": "6", "is_available": true, "rid": "jxjujckiuu", "date": "2023-09-05T21:18:19.906Z"}}, {"model": "hotel.room", "pk": 12, "fields": {"hotel": 3, "room_type": 5, "room_number": "1", "is_available": true, "rid": "bcxepiczie", "date": "2023-10-18T14:30:34.920Z"}}, {"model": "hotel.room", "pk": 13, "fields": {"hotel": 4, "room_type": 8, "room_number": "1", "is_available": true, "rid": "upzvxrkkod", "date": "2023-10-18T16:22:43.507Z"}}, {"model": "hotel.room", "pk": 14, "fields": {"hotel": 4, "room_type": 8, "room_number": "2", "is_available": true, "rid": "bpaehtjxje", "date": "2023-10-18T16:22:43.507Z"}}, {"model": "hotel.room", "pk": 15, "fields": {"hotel": 4, "room_type": 8, "room_number": "3", "is_available": true, "rid": "thmsniumyq", "date": "2023-10-18T16:22:43.508Z"}}, {"model": "hotel.room", "pk": 16, "fields": {"hotel": 4, "room_type": 9, "room_number": "1", "is_available": true, "rid": "bdtyqlsijm", "date": "2023-10-18T16:23:13.505Z"}}, {"model": "hotel.room", "pk": 17, "fields": {"hotel": 4, "room_type": 9, "room_number": "2", "is_available": true, "rid": "ncxexonxrl", "date": "2023-10-18T16:23:13.506Z"}}, {"model": "hotel.room", "pk": 18, "fields": {"hotel": 4, "room_type": 9, "room_number": "3", "is_available": true, "rid": "bomxlyyops", "date": "2023-10-18T16:23:13.506Z"}}, {"model": "hotel.room", "pk": 19, "fields": {"hotel": 4, "room_type": 10, "room_number": "1", "is_available": true, "rid": "byjrmzorus", "date": "2023-10-18T16:25:32.604Z"}}, {"model": "hotel.room", "pk": 20, "fields": {"hotel": 4, "room_type": 10, "room_number": "2", "is_available": true, "rid": "cacdmaaaxo", "date": "2023-10-18T16:25:32.605Z"}}, {"model": "hotel.room", "pk": 21, "fields": {"hotel": 4, "room_type": 10, "room_number": "3", "is_available": false, "rid": "yayblijvpj", "date": "2023-10-18T16:25:32.605Z"}}, {"model": "hotel.room", "pk": 22, "fields": {"hotel": 6, "room_type": 11, "room_number": "1", "is_available": true, "rid": "bbrmzuxhnv", "date": "2023-10-19T12:55:31.993Z"}}, {"model": "hotel.room", "pk": 23, "fields": {"hotel": 6, "room_type": 12, "room_number": "2", "is_available": true, "rid": "ifihfkfgxv", "date": "2023-10-19T12:55:31.993Z"}}, {"model": "hotel.room", "pk": 24, "fields": {"hotel": 6, "room_type": 11, "room_number": "3", "is_available": true, "rid": "bnmgjbljfv", "date": "2023-10-19T12:55:31.993Z"}}, {"model": "hotel.room", "pk": 25, "fields": {"hotel": 6, "room_type": 12, "room_number": "4", "is_available": true, "rid": "nbsdfilfa", "date": "2023-10-19T12:55:31.994Z"}}, {"model": "hotel.room", "pk": 26, "fields": {"hotel": 6, "room_type": 12, "room_number": "5", "is_available": true, "rid": "nsdffafdf", "date": "2023-10-19T12:55:31.994Z"}}, {"model": "hotel.room", "pk": 27, "fields": {"hotel": 6, "room_type": 12, "room_number": "6", "is_available": true, "rid": "nbjdsfdsfs", "date": "2023-10-19T12:55:31.994Z"}}, {"model": "hotel.room", "pk": 28, "fields": {"hotel": 6, "room_type": 13, "room_number": "7", "is_available": true, "rid": "nbjqpdfs", "date": "2023-10-19T12:55:31.995Z"}}, {"model": "hotel.room", "pk": 29, "fields": {"hotel": 6, "room_type": 13, "room_number": "8", "is_available": true, "rid": "nbjqsdfs", "date": "2023-10-19T12:55:31.995Z"}}, {"model": "hotel.room", "pk": 30, "fields": {"hotel": 2, "room_type": 14, "room_number": "5", "is_available": true, "rid": "vulxufrffc", "date": "2024-09-30T13:58:47.689Z"}}, {"model": "hotel.room", "pk": 31, "fields": {"hotel": 2, "room_type": 15, "room_number": "10", "is_available": true, "rid": "yiuaulaxda", "date": "2024-09-30T13:58:47.691Z"}}, {"model": "hotel.room", "pk": 32, "fields": {"hotel": 2, "room_type": 16, "room_number": "20", "is_available": true, "rid": "sqjnleyypt", "date": "2024-09-30T13:58:47.691Z"}}, {"model": "hotel.room", "pk": 33, "fields": {"hotel": 3, "room_type": 6, "room_number": "2", "is_available": true, "rid": "fhllyypmgc", "date": "2024-09-30T14:08:05.134Z"}}, {"model": "hotel.room", "pk": 34, "fields": {"hotel": 3, "room_type": 7, "room_number": "3", "is_available": true, "rid": "rcxolhvfxz", "date": "2024-09-30T14:08:05.135Z"}}, {"model": "hotel.room", "pk": 35, "fields": {"hotel": 5, "room_type": 17, "room_number": "501", "is_available": false, "rid": "jrxqbhyukk", "date": "2024-10-02T15:20:29.912Z"}}, {"model": "hotel.room", "pk": 36, "fields": {"hotel": 5, "room_type": 18, "room_number": "401", "is_available": true, "rid": "gfxzpuqbex", "date": "2024-10-02T15:20:29.914Z"}}, {"model": "hotel.room", "pk": 37, "fields": {"hotel": 5, "room_type": 19, "room_number": "101", "is_available": true, "rid": "fytovbbths", "date": "2024-10-02T15:20:29.915Z"}}, {"model": "hotel.booking", "pk": 34, "fields": {"user": 7, "payment_status": "processing", "full_name": "Dylan B", "email": "dylanb@gmail.com", "phone": "None", "hotel": 1, "room_type": 1, "before_discount": "350.00", "total": "350.00", "saved": "0.00", "check_in_date": "2024-09-01", "check_out_date": "2024-09-08", "total_days": 7, "num_adults": 2, "num_children": 2, "checked_in": false, "checked_out": false, "is_active": true, "checked_in_tracker": false, "checked_out_tracker": false, "date": "2024-08-30T20:37:17.914Z", "stripe_payment_intent": null, "success_id": "x0yi4a9dp9hltk4kxgf5jh2at6by0qr4i1cjbjlm02t9m136k5unt816v3gcm0kb91xp82pq2uefinyktncatym918508iphlo04e5gjba2c8irpjq4xopevrvn4o0kq7i40h81bj57jcbcr71kcfo3pza4iiic2oye9bmh6jdjrzhu301njp43bgvz8e0lqmjacn2gab1ie1oppf5z5443lj1h86t7e058a4lprjep299uqde5dxjakn5n093gnsoier0eauqbuvke9txp9f6v9ga2qx80jdyi8deru60co", "booking_id": "iesctsofyq", "room": [1], "coupons": []}}, {"model": "hotel.booking", "pk": 35, "fields": {"user": 7, "payment_status": "processing", "full_name": "Dylan B", "email": "dylanb@gmail.com", "phone": "None", "hotel": 1, "room_type": 1, "before_discount": "350.00", "total": "350.00", "saved": "0.00", "check_in_date": "2024-09-01", "check_out_date": "2024-09-08", "total_days": 7, "num_adults": 2, "num_children": 2, "checked_in": false, "checked_out": false, "is_active": true, "checked_in_tracker": false, "checked_out_tracker": false, "date": "2024-09-03T13:51:38.161Z", "stripe_payment_intent": null, "success_id": "kqav0i7x836foiccgr495ihlf8ozkbv22bz4kmtv8l94jp91y3477c7acoz2x8cf7kmklcei2ppoqj7pq5ubyhtrj3tqeo2jpac8a88odae3lvh920hjne8mk90tgelmo9roez6u08ymrjdrv8mmvu71ievsjhlrrvnpxsci0tqzbdnodbrsnlhhroprj5188nkhbinqxxespoyzgo2ct00dhyaek53k9dxhzc20oxcq13joqgioqrraas37u672zealg9f1v7v76nm96j707bf9j6q83a5sdgcy7zekrsrr", "booking_id": "fjujldekib", "room": [1], "coupons": []}}, {"model": "hotel.booking", "pk": 36, "fields": {"user": 7, "payment_status": "processing", "full_name": "Dylan B", "email": "dylanb@gmail.com", "phone": "None", "hotel": 1, "room_type": 1, "before_discount": "350.00", "total": "350.00", "saved": "0.00", "check_in_date": "2024-09-01", "check_out_date": "2024-09-08", "total_days": 7, "num_adults": 2, "num_children": 2, "checked_in": false, "checked_out": false, "is_active": true, "checked_in_tracker": false, "checked_out_tracker": false, "date": "2024-09-03T14:40:00.107Z", "stripe_payment_intent": null, "success_id": "5yk4gpczeg7691gcqlbez7spjp3b82m47vjd41xnpsunqijr7gsn5d0bo1ltn604irz9dlc6osie9mrrl8rfv40y1zbnlv95kq86nv4flvyme1z6gtpdcx258r59exne9z3trgak47u936dgx9pu7cccin41n2tjeiz1taaj6iu4zi899a2i7jb5id1cb5amakd7mgib6o47d97ujb0jaj1g3bzda9j1354sizqphysub0rmxqpfr4ultsdd69kvbgbems61eb6amfkqagrfzzyqhs0n732yohxl34779j3u", "booking_id": "juzgzpxsnl", "room": [1], "coupons": []}}, {"model": "hotel.booking", "pk": 37, "fields": {"user": 7, "payment_status": "paid", "full_name": "Dylan B", "email": "dylanb@gmail.com", "phone": "None", "hotel": 1, "room_type": 1, "before_discount": "350.00", "total": "350.00", "saved": "0.00", "check_in_date": "2024-09-01", "check_out_date": "2024-09-08", "total_days": 7, "num_adults": 2, "num_children": 2, "checked_in": false, "checked_out": false, "is_active": true, "checked_in_tracker": true, "checked_out_tracker": true, "date": "2024-09-03T15:30:31.682Z", "stripe_payment_intent": null, "success_id": "2e889tq3oft8j6g50zsyit5cta7oky684mvbg053zupepbhxkduq825rac13eyh9tvsut0j1tmqyzsyns0epcmedvmbcmtqambk112jjgovctygnf9zy5jajh8x9obd08216rbztmxc7qxts5f27grsl757r1vxflmab22pdt6rmk5slvpvbvlxmz5zs7hzcb9x9co0q8s52p6saj6330enpjkpah7f6phhhjqo4obmnduzpzylbb06hcj658bq3mducirnr780bzghans5f6n7okj1no2pti77zs83pc5fj", "booking_id": "xxhsidcopi", "room": [1], "coupons": []}}, {"model": "hotel.booking", "pk": 38, "fields": {"user": 7, "payment_status": "paid", "full_name": "Dylan B", "email": "dylanb@gmail.com", "phone": "None", "hotel": 1, "room_type": 1, "before_discount": "350.00", "total": "350.00", "saved": "0.00", "check_in_date": "2024-09-01", "check_out_date": "2024-09-08", "total_days": 7, "num_adults": 2, "num_children": 2, "checked_in": false, "checked_out": false, "is_active": true, "checked_in_tracker": true, "checked_out_tracker": true, "date": "2024-09-03T15:46:21.461Z", "stripe_payment_intent": null, "success_id": "lm1mahc4arjhtbcyj38q6k8ghtizzj2ujzq6xjaayqs49bq8zfhj8g5qsb3r26cpfoo90t5ldh9g0s24tquyf0oeoovi9bp6o0cuy8p5xkknsuoqtqn64cridt15e8gx2l1ieb0cmuup2rkpk5c9ibkbrp65acigi3qk7os7niscbkcnujrvprcjs7nau0vpsxf1d7vpfj870zs2hrtvkek6sru9ku34phl88nqk9l2aj8v2gcifufocxdd9ll2qf371x4s9b0ukurjjyxinxdxyx2ov4jhcbmryxyj5kg6p", "booking_id": "dtvmmmbxmc", "room": [1], "coupons": []}}, {"model": "hotel.booking", "pk": 39, "fields": {"user": 7, "payment_status": "processing", "full_name": "Dylan B", "email": "dylanb@gmail.com", "phone": "None", "hotel": 1, "room_type": 1, "before_discount": "200.00", "total": "200.00", "saved": "0.00", "check_in_date": "2024-09-03", "check_out_date": "2024-09-04", "total_days": 1, "num_adults": 2, "num_children": 2, "checked_in": false, "checked_out": false, "is_active": true, "checked_in_tracker": false, "checked_out_tracker": false, "date": "2024-09-03T17:52:04.554Z", "stripe_payment_intent": null, "success_id": "393j3e3raq1xyke7c6zs47l1li2og9y9zfqbj5jvivd7b70cljr6o2mc2hat9sm6xo4z1imusuo6kms0nmeg3g46nfpjj2djnqviznx83b8968s3mu5afbltp87105xkehhelgfja77rgligrcotbb8vtlec0ardjrucoa0ednnnqb7dt5s2tr8lf8zbupd0iqulttgxkye4vaejn88nbzs5bi28ofc7sibo4ch75ok12y7bs3zb9oiipz0mg9aavd51ivdozt7s20qysggpbiial484o3bjdc3xrrpxgn52", "booking_id": "agpfggdzvs", "room": [2, 3, 9, 10], "coupons": []}}, {"model": "hotel.booking", "pk": 42, "fields": {"user": 7, "payment_status": "processing", "full_name": "Dylan B", "email": "dylanb@gmail.com", "phone": "None", "hotel": 1, "room_type": 1, "before_discount": "1750.00", "total": "1750.00", "saved": "0.00", "check_in_date": "2024-09-04", "check_out_date": "2024-09-11", "total_days": 7, "num_adults": 2, "num_children": 2, "checked_in": false, "checked_out": false, "is_active": true, "checked_in_tracker": false, "checked_out_tracker": false, "date": "2024-09-04T21:37:22.502Z", "stripe_payment_intent": null, "success_id": "uy69x5pbibouehidyraqui2crpcreaeglfnrdg3exmkaht909itynjaqb62t04uojviu2rqn79g3on85k23tdynzmr460gun422c5go27c0ofvk4qjl0ol93b5n6ql6flp104bl2pqta1kbgjt87n4q1nrds0gkkbt53o045ax3an330is725kprlh194yk2mgo435eqdbgseh06y2zc8sad09308scn6ugchcmsq3f7tt6s8qmamxrnf3r6ssskv0xexgvyql015vy4en997xgo4kscz7fy96uetejsp6n8", "booking_id": "ondpjidntd", "room": [2, 3, 9, 11, 12], "coupons": []}}, {"model": "hotel.booking", "pk": 43, "fields": {"user": 7, "payment_status": "processing", "full_name": "Dylan B", "email": "dylanb@gmail.com", "phone": "None", "hotel": 1, "room_type": 1, "before_discount": "1750.00", "total": "1750.00", "saved": "0.00", "check_in_date": "2024-09-04", "check_out_date": "2024-09-11", "total_days": 7, "num_adults": 2, "num_children": 2, "checked_in": false, "checked_out": false, "is_active": true, "checked_in_tracker": false, "checked_out_tracker": false, "date": "2024-09-04T21:57:54.090Z", "stripe_payment_intent": null, "success_id": "7mnv8qodypjdc7nn9io5pzhlqds9eb58kgduxp08v9tfb9d3ftmcbrer1fglqus2omej5u6qu8k8ff66fjgkin9945294fv2248fjf8jyivd5vk5gy31s1vniveu125uf9q4xhpkzfruvmg9fs93cf32daf6zv9l9pv1spn3yfs6jqgn68rfo4a31bkugqp104zfy55sf9xk60tlpfnsof1iulp0xixu6yg1rt04eaotjyk5b7n71seb6jrmdhqd2sse7c7af79uaurog48yg0a6dxbxqd5fed24m4ck27hm", "booking_id": "tdtxnbfbao", "room": [2, 3, 9, 11, 12], "coupons": []}}, {"model": "hotel.booking", "pk": 44, "fields": {"user": 7, "payment_status": "processing", "full_name": "Dylan B", "email": "dylanb@gmail.com", "phone": "None", "hotel": 1, "room_type": 1, "before_discount": "1950.00", "total": "1950.00", "saved": "0.00", "check_in_date": "2024-09-05", "check_out_date": "2024-09-18", "total_days": 13, "num_adults": 2, "num_children": 2, "checked_in": false, "checked_out": false, "is_active": true, "checked_in_tracker": false, "checked_out_tracker": false, "date": "2024-09-05T18:22:01.409Z", "stripe_payment_intent": null, "success_id": "5fo1xc79ssibrickzetgb4s8k3ihbe16smhst1uvslossrr9sy86hs3zy1hahe91s5oo91ona9jaqjn3ebegnabzaztn8p4iiqlys437ymlasdlldpf57064af0f4nfczkclx5ptdmia27vdqa3elqgyv0koyy52sapraglzovssh9tx381eis0eotqg5xkrhi21sszi96u2z6le7s74g452m3zu8muctkuihtkl15mye4b6m6sd1a4gzhmtb3632919duh6k96bnmmssynbkfu4bj3i7tm5g09osbilxztt", "booking_id": "qiyrdiskqu", "room": [2, 3, 9], "coupons": []}}, {"model": "hotel.booking", "pk": 45, "fields": {"user": 7, "payment_status": "processing", "full_name": "Dylan B", "email": "dylanb@gmail.com", "phone": "None", "hotel": 1, "room_type": 1, "before_discount": "1950.00", "total": "1950.00", "saved": "0.00", "check_in_date": "2024-09-05", "check_out_date": "2024-09-18", "total_days": 13, "num_adults": 2, "num_children": 2, "checked_in": false, "checked_out": false, "is_active": true, "checked_in_tracker": false, "checked_out_tracker": false, "date": "2024-09-05T21:43:33.309Z", "stripe_payment_intent": null, "success_id": "8riqso5uek5heh3hrv7lmzhq1fyct0gqe0x63yxn17z9bygoya5u5metdkxcsyn4oettevij1dvfg2nff5ypdf81bpqq3zyjmnlhh0szkg4r14aeol5yvhc9z3vbep2lpp0fyd60sqeih7g008s2sdghiyz1hx4k321qjvcd4lob605dtlhsqyxfetapt4785nh25ypodfn4baymzb8tn9hm2eihshjsqr8ixzus6uu4ucuxy0y8g5ob1v9vuzybz5i69byhr21kvnby6bvdftdtyhzjmmy16aro17y0eztf", "booking_id": "ihgxlcqjxp", "room": [2, 3, 9], "coupons": []}}, {"model": "hotel.booking", "pk": 46, "fields": {"user": 7, "payment_status": "paid", "full_name": "Dylan B", "email": "dylanb@gmail.com", "phone": "None", "hotel": 1, "room_type": 1, "before_discount": "1950.00", "total": "1950.00", "saved": "0.00", "check_in_date": "2024-09-05", "check_out_date": "2024-09-18", "total_days": 13, "num_adults": 2, "num_children": 2, "checked_in": false, "checked_out": false, "is_active": true, "checked_in_tracker": true, "checked_out_tracker": true, "date": "2024-09-05T21:45:09.938Z", "stripe_payment_intent": "cs_test_a1ZCHq0FZTszDs70Unqp7YczX4BPgj8MeaTRxtLXYKUjvW3uIfIBTBkCYp", "success_id": "bxgmoifde5dl64yy1zybrquqiixxl4orthezbql7b0ota403kk4atdrctob8i71s8a909dsvozd60g93cl686zvmqoo67re30a8x8ta1fxsui4dgh04xrf9ej1b1h8ccirjtsavh9qdb3rj1nj882x3tbgnm6l2q42ax21mjn0bcct3ehx4p6aelvxfemd1dkh1kt8yso4tk95eekd2fn02kezogooerh5p435o4g0eq5eidpr6zc5g465v4m5vqhtb7l1e9cxm6t3ebp4teiz1l5ypqr59clljj2ovp8ji5", "booking_id": "biktnbyrap", "room": [2, 3, 9], "coupons": []}}, {"model": "hotel.booking", "pk": 47, "fields": {"user": 7, "payment_status": "paid", "full_name": "Dylan B", "email": "dylanb@gmail.com", "phone": "None", "hotel": 1, "room_type": 1, "before_discount": "1950.00", "total": "1950.00", "saved": "0.00", "check_in_date": "2024-09-05", "check_out_date": "2024-09-18", "total_days": 13, "num_adults": 2, "num_children": 2, "checked_in": false, "checked_out": false, "is_active": true, "checked_in_tracker": true, "checked_out_tracker": true, "date": "2024-09-05T22:32:33.341Z", "stripe_payment_intent": "cs_test_a1Yq1SCQ2ULN33eXEkhmv1gNOIjHsMVyWLLjTAVziDNWyCHBsBENyV2LcP", "success_id": "uga07y6g3zctzdcl086lkmk8ekg85bvkz4jzc6ae0kfr1e0nhv8xr8ath9iu1ct0eq167odfxz5k9m25bcmaz39616pj9q4f36r1i62skb79x67j5eft11t66tuo7nxn6b1510sy1a1pvt3ms6zsijk7vk9bj2kq7f9r7q996gkv5xys0lhi89pmouhcbqqndqmv75h6s9fngpd15ibvisf0uf8vk1vvdbbb76g2k9ho8znbyofkx2qyn0y3lzr52tmb2m1qt847dm7apbc4jh5fg0nuc10zm8qt5014dqdz", "booking_id": "lidgdmvkvy", "room": [2, 3, 9], "coupons": []}}, {"model": "hotel.booking", "pk": 48, "fields": {"user": 7, "payment_status": "processing", "full_name": "Dylan B", "email": "dylanb@gmail.com", "phone": "None", "hotel": 1, "room_type": 1, "before_discount": "1950.00", "total": "1950.00", "saved": "0.00", "check_in_date": "2024-09-05", "check_out_date": "2024-09-18", "total_days": 13, "num_adults": 2, "num_children": 2, "checked_in": false, "checked_out": false, "is_active": true, "checked_in_tracker": false, "checked_out_tracker": false, "date": "2024-09-09T20:43:23.876Z", "stripe_payment_intent": null, "success_id": "py62hlc9oa1gpkq7h80l26rvodrxf2k7810bx1mnq39eydaou7r9ue47hj26th0f2m81t96jphiqk36pzju4aho9ridpjle7aejxvdbo6jhex75t7eldkxzdvnioafdfb8urx76ycqk7spgz1ommzaixnmpj6hldpxkg06heg6zl5jv2n84qspgg7rkezjotn14qtnu1zp25kn3jlmidasoosbuk7cofbvlv6j8uj3etxo0xb1vl5zgp0xv0va8b5d5xxf6lt7c605cozzsoem1epjayr57gj177dqed7bij", "booking_id": "zeyrkxupht", "room": [2, 3, 9], "coupons": []}}, {"model": "hotel.booking", "pk": 49, "fields": {"user": 7, "payment_status": "paid", "full_name": "Dylan B", "email": "dylanb@gmail.com", "phone": "None", "hotel": 1, "room_type": 1, "before_discount": "1950.00", "total": "1950.00", "saved": "0.00", "check_in_date": "2024-09-05", "check_out_date": "2024-09-18", "total_days": 13, "num_adults": 2, "num_children": 2, "checked_in": false, "checked_out": false, "is_active": true, "checked_in_tracker": true, "checked_out_tracker": true, "date": "2024-09-09T20:44:31.324Z", "stripe_payment_intent": "cs_test_a1OvuZB42uJEp9z8152nkMWRSH6E1AFAfRljDsGP2xUiu1y45nsXIKIhy1", "success_id": "i5ejuu5b3efpda9orkhrd4d3fp9qkggo3mrdb0s37356taqfhjc1py5yc33mvuvjheg4kuipp42dvbl1zx0gmgr6o12slcpslpg6nyr45604p5ke2u1bu5dkfcnskb68cxzv44kvd8g883u9pu28rgyvzcr4s7mmuiagt64ohhv4nho7uycglr7afxhiz0euojtrnzssvpr2key9la1xnh0j2guqni077h0t614h7cnt4fonnr6n7l2ezjsqlmhihhk2cxm3dg4rz4ucmc1uqn90t7ek0z9fnydhptdkghiy", "booking_id": "buabcvjsjn", "room": [2, 3, 9], "coupons": []}}, {"model": "hotel.booking", "pk": 50, "fields": {"user": 7, "payment_status": "processing", "full_name": "Dylan B", "email": "dylanb@gmail.com", "phone": "None", "hotel": 2, "room_type": 14, "before_discount": "501.00", "total": "501.00", "saved": "0.00", "check_in_date": "2024-10-10", "check_out_date": "2024-10-12", "total_days": 2, "num_adults": 1, "num_children": 1, "checked_in": false, "checked_out": false, "is_active": true, "checked_in_tracker": false, "checked_out_tracker": false, "date": "2024-09-30T13:59:57.209Z", "stripe_payment_intent": null, "success_id": "yn04c6fyxqxdkpu23bc4dv90gk6yjch13hvda6u98ohhaav67yx5si4icun77q1mducegbvn520dd73oidexcl2fenzojm66vn3zxali9jpspoy9inmfb2gziuodqea9ulyq4cdfibq752rr0j3sjusu1infe251j0nnqtkonzhz3b7ecyy5yayq8sx9sym6bhp07f7cf9nrfbudbzhay84lm2shn0hjexy7icc1pi6bz4mi7a4so3o32mrdpvc81ij6lyjffh91xdsirsxlmgac8tndtzj4ht3f8iu9iegx", "booking_id": "pporeyxfkl", "room": [30], "coupons": []}}, {"model": "hotel.booking", "pk": 51, "fields": {"user": 7, "payment_status": "paid", "full_name": "Dylan B", "email": "dylanb@gmail.com", "phone": "None", "hotel": 5, "room_type": 17, "before_discount": "1651.65", "total": "1651.65", "saved": "0.00", "check_in_date": "2024-10-10", "check_out_date": "2024-10-13", "total_days": 3, "num_adults": 1, "num_children": 1, "checked_in": false, "checked_out": false, "is_active": true, "checked_in_tracker": false, "checked_out_tracker": false, "date": "2024-10-02T15:26:05.697Z", "stripe_payment_intent": "cs_test_a14hvGKrIqOaPeTM0g2Qc26sI6ChqBQ967TX9kXoewld2rgGhSSz8gbEw6", "success_id": "8xr69y6qv5rkju2j6j3paj72d78y6ihnpe40m22ss28nrsyd6027e1bkeplmc38mrsp0klfusos98ckjkexvmpgidsx4aolddp74v2u99dmrr71ptph2t6z7pdey5xrrdlynmt9h6nmt7v0megm0s6b8scz3mq5rsy4kkxficp1v8ine4hsh9e0m28luiorxtur687path4rmqzz1tpbc61bo4tqelpo19h1dcpgvga0hmjmjcgcum9m7bjrx22gu1ux8bep6s21vy3nmk4zkt4ymvmht1o638cg6ey2lgyp", "booking_id": "xxuvchvtpk", "room": [35], "coupons": []}}, {"model": "hotel.booking", "pk": 52, "fields": {"user": 7, "payment_status": "paid", "full_name": "Dylan B", "email": "dylanb@gmail.com", "phone": "None", "hotel": 5, "room_type": 17, "before_discount": "1651.65", "total": "1651.65", "saved": "0.00", "check_in_date": "2024-10-10", "check_out_date": "2024-10-13", "total_days": 3, "num_adults": 1, "num_children": 1, "checked_in": false, "checked_out": false, "is_active": true, "checked_in_tracker": false, "checked_out_tracker": false, "date": "2024-10-02T15:55:55.068Z", "stripe_payment_intent": "cs_test_a1QCjrUmgrZLJERtSmbdRjo8KgQPAVtEYO2yVU64ZCHQcssTFIEBimsPTi", "success_id": "k2q6eqbpuks3t8bttez8dy3nmtk61qovly4th0zghvi6u67fkf65ofaqxpvtvv56yj3bvogfrnstz0ufeb36tc5xc0e24rg29ynfb9i4pmv99jxog0me31p55f27mi4i4afh8xi7t058uufre6qjy9mytjx2ricvyfnanfix8rf39qalgdps2vfmqz8m465bzgyoyqi3prx87csmcq9gdjq2o67hic4xp99vb5jvs06obknyn5h1mygia7ukvzzabbaso24lm6zud2o7lcdj45bfx85ckz5tvnazuilqlcar", "booking_id": "nftveznuyb", "room": [35], "coupons": []}}, {"model": "hotel.booking", "pk": 53, "fields": {"user": 7, "payment_status": "processing", "full_name": "Dylan B", "email": "dylanb@gmail.com", "phone": "None", "hotel": 6, "room_type": 13, "before_discount": "5100.00", "total": "5100.00", "saved": "0.00", "check_in_date": "2024-10-31", "check_out_date": "2024-11-17", "total_days": 17, "num_adults": 2, "num_children": 2, "checked_in": false, "checked_out": false, "is_active": true, "checked_in_tracker": false, "checked_out_tracker": false, "date": "2024-10-03T14:36:49.228Z", "stripe_payment_intent": null, "success_id": "cf56syzzmp6rlgomt4x29gouiqve1cub38ec7eotj19ssdbnuhqbv0shdm09qjo6z8rgb5unjktsuojv3oskhfyi4izytlnzs4n3ily4qt50f4h0bhytg6vem8vrujt9s8ksl3ll33nqarm6n75zuqy3d2takxrb1oe17f9vd6fzs87par2d5k9e2qy82b30zhkrc5bjz33ns1mvfjcss8365y7yiobimo4v57zuysmj28jrf4ypsnqml8kpngpn2ozeqgxulgrka3aphznzf6yqzgl3smcd3ot30zo6xy14", "booking_id": "pcrbrbmfap", "room": [29], "coupons": []}}, {"model": "hotel.booking", "pk": 54, "fields": {"user": 7, "payment_status": "paid", "full_name": "Dylan B", "email": "dylanb@gmail.com", "phone": "None", "hotel": 5, "room_type": 17, "before_discount": "14864.85", "total": "14864.85", "saved": "0.00", "check_in_date": "2024-10-04", "check_out_date": "2024-10-31", "total_days": 27, "num_adults": 2, "num_children": 2, "checked_in": false, "checked_out": false, "is_active": true, "checked_in_tracker": true, "checked_out_tracker": false, "date": "2024-10-03T14:41:53.727Z", "stripe_payment_intent": "cs_test_a17iGcDzsPlsg5t8cwBxvgjbf6zyUUUOWZ0jBksKwHqHOvmR9BWdiihlQb", "success_id": "31qalxa0l88dtlkff1yrpzuqc0rtxglb55tvjvugx79q6s8aq7spd6mulpqb03a0dxs7g8onb7bxpdjzjp3chdfaqxy7am4mjz8pdn8agikfb8c8e8isiu44q3nzyl9qjerx6hv54ji6sz7h7s64dv1yia3esglcdz2i7l1v5to08uu3uxtpglc463386uk25gl2dnaeeksmayqpdzgxajgn5u93cq103rzelcf4ax9akr03psfsc6ymukb4658oio4evohznxmyrxhrgsrxgkylrc8iaiafy2mocqanoyxu", "booking_id": "hnuaexogfn", "room": [35], "coupons": []}}, {"model": "hotel.booking", "pk": 55, "fields": {"user": 7, "payment_status": "processing", "full_name": "Dylan B", "email": "dylanb@gmail.com", "phone": "None", "hotel": 3, "room_type": 7, "before_discount": "4200.00", "total": "2100.00", "saved": "2100.00", "check_in_date": "2024-10-10", "check_out_date": "2024-10-17", "total_days": 7, "num_adults": 1, "num_children": 1, "checked_in": false, "checked_out": false, "is_active": true, "checked_in_tracker": false, "checked_out_tracker": false, "date": "2024-10-03T15:03:26.215Z", "stripe_payment_intent": null, "success_id": "8b7pkc6bjmllc78qf4lxi0j6ce8z2pf9truqccoomne1op6704avyv7cu9ir1s3xtfrpa2ecl22n25m8ozdmz7axl7u1eb85m8x4n4i97gedb4fdqh1yyb0ztbtub9niixtrt6zxlr0r1i0d7afgfqa03gbydzqfbty44tusyppfvimjd53ynuztynhsx4zknbfrfxodoq9u0vmdygruj0ivbb3ov69izzouxzg17j1hr8rr6gbp4nn5ise19zx92gtvvjcuumg4s6kuubnmo4a97te2dsg6k49otfdk3zkr", "booking_id": "zdcnzciors", "room": [34], "coupons": [1]}}, {"model": "hotel.booking", "pk": 56, "fields": {"user": 7, "payment_status": "paid", "full_name": "Dylan B", "email": "dylanb@gmail.com", "phone": "None", "hotel": 4, "room_type": 10, "before_discount": "6195.00", "total": "3097.50", "saved": "3097.50", "check_in_date": "2024-10-03", "check_out_date": "2024-12-01", "total_days": 59, "num_adults": 2, "num_children": 2, "checked_in": false, "checked_out": false, "is_active": true, "checked_in_tracker": true, "checked_out_tracker": false, "date": "2024-10-03T15:13:09.889Z", "stripe_payment_intent": "cs_test_a1sNT8IdOSXLBkeOhpBMK2Fe1YGqGDF5Otsdxp9In9ibcMc5B5xtEhlAnK", "success_id": "nio0pq5er2dkfq4usd4yyoyre9zl03qseizfauhmrejk94ab5cqzgxxykfyk7v3z313ukfiigciqciict0csyonxqbhqd70clhm4qhm5e0ttz41tgai10h6ejqdxv4xydqu75xa5at1kqnl8r8nd4rljpmkgh2ucv0b1g3q0d6j2xa1g60qst3gx5uqa4udc27x7vpb5i3rpx8pkk9fpvycstz3y2p899cxl83i3syf6tfnpeo0tssdvyxivzspspbiaif6ynma9jg4083flun79k2dy5aosc8rphe8ll0t7", "booking_id": "khmhkghflk", "room": [21], "coupons": [1]}}, {"model": "hotel.coupon", "pk": 1, "fields": {"code": "CODE1", "type": "Percentage", "discount": 50, "redemption": 0, "date": "2023-09-07T15:42:52.804Z", "active": true, "make_public": false, "valid_from": "2024-09-07", "valid_to": "2024-12-31", "cid": "oryxlicome"}}, {"model": "hotel.couponusers", "pk": 9, "fields": {"coupon": 1, "booking": 55, "full_name": "Dylan B", "email": "dylanb@gmail.com", "mobile": "None"}}, {"model": "hotel.couponusers", "pk": 10, "fields": {"coupon": 1, "booking": 56, "full_name": "Dylan B", "email": "dylanb@gmail.com", "mobile": "None"}}, {"model": "hotel.notification", "pk": 7, "fields": {"user": null, "booking": 37, "type": "Booking Confirmed", "seen": false, "nid": "iaeyusymjr", "date": "2024-09-03"}}, {"model": "hotel.notification", "pk": 8, "fields": {"user": null, "booking": 38, "type": "Booking Confirmed", "seen": false, "nid": "irfdydlymu", "date": "2024-09-03"}}, {"model": "hotel.notification", "pk": 9, "fields": {"user": 7, "booking": 46, "type": "Booking Confirmed", "seen": false, "nid": "scupiqokfs", "date": "2024-09-05"}}, {"model": "hotel.notification", "pk": 10, "fields": {"user": 7, "booking": 47, "type": "Booking Confirmed", "seen": false, "nid": "cvnyzaabtx", "date": "2024-09-05"}}, {"model": "hotel.notification", "pk": 11, "fields": {"user": 7, "booking": 49, "type": "Booking Confirmed", "seen": false, "nid": "kdnmodziqn", "date": "2024-09-09"}}, {"model": "hotel.notification", "pk": 12, "fields": {"user": 7, "booking": 51, "type": "Booking Confirmed", "seen": false, "nid": "okqmaaqyrq", "date": "2024-10-02"}}, {"model": "hotel.notification", "pk": 13, "fields": {"user": 7, "booking": 52, "type": "Booking Confirmed", "seen": false, "nid": "xltagqhhqy", "date": "2024-10-02"}}, {"model": "hotel.notification", "pk": 14, "fields": {"user": 7, "booking": 54, "type": "Booking Confirmed", "seen": false, "nid": "jbqbbhzhqp", "date": "2024-10-03"}}, {"model": "hotel.notification", "pk": 15, "fields": {"user": 7, "booking": 56, "type": "Booking Confirmed", "seen": false, "nid": "aqjmceydvr", "date": "2024-10-03"}}, {"model": "hotel.bookmark", "pk": 26, "fields": {"user": 6, "hotel": 6, "bid": "yvgdofoenz", "date": "2023-10-19"}}, {"model": "hotel.review", "pk": 11, "fields": {"user": 3, "hotel": 1, "review": "Corporis est qui om", "reply": null, "rating": 3, "active": true, "date": "2023-09-28T12:24:53.202Z", "helpful": []}}, {"model": "hotel.review", "pk": 12, "fields": {"user": 6, "hotel": 2, "review": "This is a really nice hotel", "reply": null, "rating": 4, "active": true, "date": "2023-10-19T12:58:14.181Z", "helpful": []}}, {"model": "hotel.review", "pk": 13, "fields": {"user": 5, "hotel": 3, "review": "Beautiful hotel, god damn!", "reply": null, "rating": 4, "active": true, "date": "2024-10-03T15:05:30.510Z", "helpful": []}}, {"model": "userauths.user", "pk": 1, "fields": {"password": "pbkdf2_sha256$260000$wBQnBnzkyfcJiZ4kiTjUQF$9lwVo0SWuEMv7iSnsbJ0Iu8+fb+GIlNp1KMot+wnLRM=", "last_login": "2023-07-24T11:46:25.234Z", "is_superuser": false, "first_name": "", "last_name": "", "is_staff": false, "is_active": true, "date_joined": "2023-07-24T11:46:23.505Z", "full_name": "Declan Brock", "username": "cewyte", "email": "nuvewa@mailinator.com", "phone": null, "gender": null, "otp": null, "groups": [], "user_permissions": []}}, {"model": "userauths.user", "pk": 2, "fields": {"password": "pbkdf2_sha256$260000$IV2FlL3lRgyLoiCYjIBjru$KuyQgXMuGZbwVNxvhH5t6wPpYHwLeAFMsTFbgLtFpz4=", "last_login": "2023-07-24T11:47:24.965Z", "is_superuser": false, "first_name": "", "last_name": "", "is_staff": false, "is_active": true, "date_joined": "2023-07-24T11:47:22.929Z", "full_name": "Cassidy King", "username": "pesynyxisa", "email": "byzoqojuj@mailinator.com", "phone": null, "gender": null, "otp": null, "groups": [], "user_permissions": []}}, {"model": "userauths.user", "pk": 3, "fields": {"password": "pbkdf2_sha256$600000$xY5xXVDnxj6z3O4m0Ttcnh$MWOsZw1TD6NvzwybHAHeQ3A5wnJj0NpGhn3Oly8eR3M=", "last_login": "2023-10-19T12:16:59Z", "is_superuser": true, "first_name": "", "last_name": "", "is_staff": true, "is_active": true, "date_joined": "2023-07-24T12:04:09Z", "full_name": null, "username": "Kelly", "email": "kaykay@gmail.com", "phone": null, "gender": null, "otp": null, "groups": [], "user_permissions": []}}, {"model": "userauths.user", "pk": 4, "fields": {"password": "pbkdf2_sha256$260000$LMEsG8P43EaOI1mEMmOZk0$LzZVq+lqlWob9AeTRRqu2sT818PNnD0oouVVq508EJI=", "last_login": "2023-07-24T12:26:38.138Z", "is_superuser": false, "first_name": "", "last_name": "", "is_staff": false, "is_active": true, "date_joined": "2023-07-24T12:26:36.335Z", "full_name": "Dora Scott", "username": "forufydisa", "email": "tipyb@mailinator.com", "phone": null, "gender": null, "otp": null, "groups": [], "user_permissions": []}}, {"model": "userauths.user", "pk": 5, "fields": {"password": "pbkdf2_sha256$600000$bMtYwoyVp9H1mxFou86tXi$huUecD/OZUWmW81DKr4sgfzjV0nWs4/B1JYv4akyZXQ=", "last_login": "2023-10-19T12:16:13Z", "is_superuser": false, "first_name": "", "last_name": "", "is_staff": false, "is_active": true, "date_joined": "2024-10-19T12:16:12Z", "full_name": "Lareina Aguirre", "username": "sufyw", "email": "lihoranama@mailinator.com", "phone": null, "gender": null, "otp": null, "groups": [], "user_permissions": []}}, {"model": "userauths.user", "pk": 6, "fields": {"password": "pbkdf2_sha256$600000$SNAnZVCxQFQ23WnTRoxpAJ$Sue2EJDvhizeMwnbKfCDSP9pLa/dcund3H/vQclliAQ=", "last_login": "2023-10-20T01:49:36Z", "is_superuser": true, "first_name": "", "last_name": "", "is_staff": true, "is_active": true, "date_joined": "2023-10-19T12:49:06Z", "full_name": null, "username": "Diana", "email": "lordballs@gmail.com", "phone": null, "gender": null, "otp": null, "groups": [], "user_permissions": []}}, {"model": "userauths.user", "pk": 7, "fields": {"password": "pbkdf2_sha256$870000$sAjvegqSbqyuiDtZAbeaOP$04y2aC52oOtKL/Y19eRPMT6HlOjD6BZHClSJXI5LD7Q=", "last_login": "2024-10-08T19:23:20.390Z", "is_superuser": true, "first_name": "Dylan", "last_name": "Boyle", "is_staff": true, "is_active": true, "date_joined": "2024-08-29T18:36:30Z", "full_name": "Dylan Boyle", "username": "Dylan B", "email": "dylanb@gmail.com", "phone": null, "gender": null, "otp": null, "groups": [], "user_permissions": []}}, {"model": "userauths.profile", "pk": 1, "fields": {"pid": "bnujldk", "image": "default.jpg", "user": 1, "full_name": "Declan Brock", "phone": null, "gender": null, "country": null, "city": null, "state": null, "address": null, "identity_type": "national_id_card", "identity_image": "id.jpg", "facebook": "https://facebook.com/", "twitter": "https://twitter.com/", "wallet": "0.00", "verified": false, "date": "2023-07-24T11:46:24.321Z"}}, {"model": "userauths.profile", "pk": 2, "fields": {"pid": "fkten2r", "image": "default.jpg", "user": 2, "full_name": "Cassidy King", "phone": null, "gender": null, "country": null, "city": null, "state": null, "address": null, "identity_type": "national_id_card", "identity_image": "id.jpg", "facebook": "https://facebook.com/", "twitter": "https://twitter.com/", "wallet": "0.00", "verified": false, "date": "2023-07-24T11:47:23.991Z"}}, {"model": "userauths.profile", "pk": 3, "fields": {"pid": "22moquv", "image": "user_3/3_Z17MsH0.jpg", "user": 3, "full_name": "Kelly Kay", "phone": "+2348091744974", "gender": "female", "country": "Dubai", "city": "Dubai", "state": "Federal Capital Territory", "address": "Ulleja Street", "identity_type": "national_id_card", "identity_image": "id.jpg", "facebook": "https://facebook.com/", "twitter": "https://twitter.com/", "wallet": "0.00", "verified": false, "date": "2023-07-24T12:04:10.097Z"}}, {"model": "userauths.profile", "pk": 4, "fields": {"pid": "bdrhafd", "image": "default.jpg", "user": 4, "full_name": "Dora Scott", "phone": null, "gender": null, "country": null, "city": null, "state": null, "address": null, "identity_type": "national_id_card", "identity_image": "id.jpg", "facebook": "https://facebook.com/", "twitter": "https://twitter.com/", "wallet": "0.00", "verified": false, "date": "2023-07-24T12:26:37.139Z"}}, {"model": "userauths.profile", "pk": 5, "fields": {"pid": "3d3y2xz", "image": "user_5/5.jpg", "user": 5, "full_name": "Lareina Aguirre", "phone": "9474593439", "gender": null, "country": "USA", "city": "Miami", "state": "Florida", "address": "Miami", "identity_type": "national_id_card", "identity_image": "id.jpg", "facebook": "https://facebook.com/", "twitter": "https://twitter.com/", "wallet": "0.00", "verified": false, "date": "2023-10-19T12:16:13.070Z"}}, {"model": "userauths.profile", "pk": 6, "fields": {"pid": "cbqqbcf", "image": "user_6/6.jpg", "user": 6, "full_name": "Diana", "phone": null, "gender": null, "country": null, "city": null, "state": null, "address": null, "identity_type": "national_id_card", "identity_image": "id.jpg", "facebook": "https://facebook.com/", "twitter": "https://twitter.com/", "wallet": "0.00", "verified": false, "date": "2023-10-19T12:49:06.597Z"}}, {"model": "userauths.profile", "pk": 7, "fields": {"pid": "dzydndr", "image": "user_7/7.jpg", "user": 7, "full_name": "Dylan B", "phone": "0483734834", "gender": "male", "country": "Ireland", "city": "Cork City", "state": "Cork", "address": "Cork town", "identity_type": "national_id_card", "identity_image": "id.jpg", "facebook": "https://facebook.com/", "twitter": "https://twitter.com/", "wallet": "0.00", "verified": false, "date": "2024-08-29T18:36:30.705Z"}}, {"model": "taggit.tag", "pk": 1, "fields": {"name": "luxury", "slug": "luxury"}}, {"model": "taggit.tag", "pk": 2, "fields": {"name": "rooms", "slug": "rooms"}}, {"model": "taggit.tag", "pk": 3, "fields": {"name": "hotel", "slug": "hotel"}}, {"model": "taggit.tag", "pk": 4, "fields": {"name": "abuja", "slug": "abuja"}}, {"model": "taggit.tag", "pk": 5, "fields": {"name": "nigeria", "slug": "nigeria"}}, {"model": "taggit.tag", "pk": 6, "fields": {"name": "inn", "slug": "inn"}}, {"model": "taggit.tag", "pk": 7, "fields": {"name": "miami", "slug": "miami"}}, {"model": "taggit.tag", "pk": 8, "fields": {"name": "usa", "slug": "usa"}}, {"model": "taggit.tag", "pk": 9, "fields": {"name": "hotl", "slug": "hotl"}}, {"model": "taggit.tag", "pk": 10, "fields": {"name": "Italia", "slug": "italia"}}, {"model": "taggit.tag", "pk": 11, "fields": {"name": "Tuscany", "slug": "tuscany"}}, {"model": "taggit.tag", "pk": 12, "fields": {"name": "Miami", "slug": "miami_1"}}, {"model": "taggit.tag", "pk": 13, "fields": {"name": "room", "slug": "room"}}, {"model": "taggit.tag", "pk": 14, "fields": {"name": "spain", "slug": "spain"}}, {"model": "taggit.tag", "pk": 15, "fields": {"name": "spanish", "slug": "spanish"}}, {"model": "taggit.tag", "pk": 16, "fields": {"name": "Morocco", "slug": "morocco"}}, {"model": "taggit.tag", "pk": 17, "fields": {"name": "Croatia", "slug": "croatia"}}, {"model": "taggit.tag", "pk": 18, "fields": {"name": "Dalmatian Coast", "slug": "dalmatian-coast"}}, {"model": "taggit.taggeditem", "pk": 1, "fields": {"tag": 1, "content_type": 13, "object_id": 1}}, {"model": "taggit.taggeditem", "pk": 2, "fields": {"tag": 2, "content_type": 13, "object_id": 1}}, {"model": "taggit.taggeditem", "pk": 3, "fields": {"tag": 3, "content_type": 13, "object_id": 1}}, {"model": "taggit.taggeditem", "pk": 4, "fields": {"tag": 2, "content_type": 13, "object_id": 2}}, {"model": "taggit.taggeditem", "pk": 5, "fields": {"tag": 3, "content_type": 13, "object_id": 2}}, {"model": "taggit.taggeditem", "pk": 6, "fields": {"tag": 3, "content_type": 13, "object_id": 3}}, {"model": "taggit.taggeditem", "pk": 9, "fields": {"tag": 6, "content_type": 13, "object_id": 3}}, {"model": "taggit.taggeditem", "pk": 10, "fields": {"tag": 1, "content_type": 13, "object_id": 4}}, {"model": "taggit.taggeditem", "pk": 11, "fields": {"tag": 2, "content_type": 13, "object_id": 4}}, {"model": "taggit.taggeditem", "pk": 12, "fields": {"tag": 3, "content_type": 13, "object_id": 4}}, {"model": "taggit.taggeditem", "pk": 16, "fields": {"tag": 10, "content_type": 13, "object_id": 3}}, {"model": "taggit.taggeditem", "pk": 17, "fields": {"tag": 11, "content_type": 13, "object_id": 3}}, {"model": "taggit.taggeditem", "pk": 18, "fields": {"tag": 12, "content_type": 13, "object_id": 2}}, {"model": "taggit.taggeditem", "pk": 19, "fields": {"tag": 3, "content_type": 13, "object_id": 5}}, {"model": "taggit.taggeditem", "pk": 20, "fields": {"tag": 13, "content_type": 13, "object_id": 5}}, {"model": "taggit.taggeditem", "pk": 21, "fields": {"tag": 14, "content_type": 13, "object_id": 5}}, {"model": "taggit.taggeditem", "pk": 22, "fields": {"tag": 15, "content_type": 13, "object_id": 5}}, {"model": "taggit.taggeditem", "pk": 23, "fields": {"tag": 16, "content_type": 13, "object_id": 4}}, {"model": "taggit.taggeditem", "pk": 24, "fields": {"tag": 17, "content_type": 13, "object_id": 6}}, {"model": "taggit.taggeditem", "pk": 25, "fields": {"tag": 18, "content_type": 13, "object_id": 6}}, {"model": "taggit.taggeditem", "pk": 26, "fields": {"tag": 3, "content_type": 13, "object_id": 6}}, {"model": "taggit.taggeditem", "pk": 27, "fields": {"tag": 13, "content_type": 13, "object_id": 6}}]